20131115,Friday,November,15,2013,AA,Business Highlights,AP,http://finance.yahoo.com/news/business-highlights-221928528.html
20131111,Monday,November,11,2013,AA,Rusals Quarterly Loss Shrinks as Unprofitable Plants Are Closed,Bloomberg,http://us.rd.yahoo.com/finance/external/bloomberg/SIG=13gfa9jn7/*http://www.bloomberg.com/news/2013-11-12/rusal-s-quarterly-loss-shrinks-as-unprofitable-plants-are-closed.html?cmpid=yhoo
20131111,Monday,November,11,2013,AA,Precision Castparts Proves Mettle In Planes And Power,Investor's Business Daily,http://us.rd.yahoo.com/finance/external/investors/SIG=13e3q2o9g/*http://news.investors.com/111113-678731-precision-castparts-thrives-manufacturing-for-aerospace-industry.htm?ven=yahoocp&src=aurlled&ven=yahoo
20131111,Monday,November,11,2013,AA,Interesting April 2014 Stock Options for Alcoa,Forbes,http://us.rd.yahoo.com/finance/external/forbes/SIG=13ccutjgm/*http://www.forbes.com/sites/stockoptionschannel/2013/11/11/interesting-april-2014-stock-options-for-alcoa/?partner=yahootix
20131111,Monday,November,11,2013,AA,Is Alcoa A Buy Or A Sell At $9 Per Share?,Seeking Alpha,http://us.rd.yahoo.com/finance/external/pssa/SIG=12hpt934g/*http://seekingalpha.com/article/1827512-is-alcoa-a-buy-or-a-sell-at-9-per-share?source=yahoo
20131110,Sunday,November,10,2013,AA,Can Alcoa Outpace The Industry?,Seeking Alpha,http://us.rd.yahoo.com/finance/external/pssa/SIG=128bkddhr/*http://seekingalpha.com/article/1827242-can-alcoa-outpace-the-industry?source=yahoo
20131108,Friday,November,8,2013,AA,[$$] Aluminum Producers Fall on LME Warehouse Rules,The Wall Street Journal,http://us.rd.yahoo.com/finance/external/wsj/SIG=12gg32k19/*http://online.wsj.com/article/SB10001424052702303763804579183961938685466.html?ru=yahoo&mod=yahoo_hs
20131108,Friday,November,8,2013,AA,Alcoa Backs London Metal Exchange Up to a Point and 2 Other Hot Stocks to Watch,Wall St. Cheat Sheet,http://us.rd.yahoo.com/finance/external/xwscheats/SIG=13qagj1ef/*http://wallstcheatsheet.com/stocks/alcoa-backs-london-metal-exchange-up-to-a-point-and-2-other-hot-stocks-to-watch.html/?ref=YF
20131107,Thursday,November,7,2013,AA,Alcoa announces new three-year business targets,theflyonthewall.com,http://finance.yahoo.com/news/alcoa-announces-three-business-targets-212504558.html
20131107,Thursday,November,7,2013,AA,Alcoa stops short on supporting LME warehouse overhaul,Reuters,http://finance.yahoo.com/news/alcoa-stops-short-supporting-lme-211021849.html
20131107,Thursday,November,7,2013,AA,"Alcoa Delivers Strong Value-Add Revenue Growth and Improved Upstream Portfolio, Sets New Business Targets at 2013 Investor Day",Business Wire,http://finance.yahoo.com/news/alcoa-delivers-strong-value-add-210500834.html
20131107,Thursday,November,7,2013,AA,Senate Passes Workplace Discrimination Bill,Bloomberg,http://us.rd.yahoo.com/finance/external/bloomberg/SIG=12r7ccgrv/*http://www.bloomberg.com/news/2013-11-07/senate-passes-workplace-discrimination-bill.html?cmpid=yhoo
20131107,Thursday,November,7,2013,AA,Alcoa CEO Calls Aluminum Unavailability Claims a Myth,Bloomberg,http://us.rd.yahoo.com/finance/external/bloomberg/SIG=136fsfc6p/*http://www.bloomberg.com/news/2013-11-07/alcoa-ceo-calls-aluminum-unavailability-claims-a-myth-.html?cmpid=yhoo
20131107,Thursday,November,7,2013,AA,Alcoa supports LME's big overhaul of warehousing policy,Reuters,http://finance.yahoo.com/news/alcoa-supports-lmes-big-overhaul-195546837.html
20131107,Thursday,November,7,2013,AA,Alcoa Issues Statement on LME Board Decision,Business Wire,http://finance.yahoo.com/news/alcoa-issues-statement-lme-board-193000489.html
20131107,Thursday,November,7,2013,AA,These 5 Aluminum Producers are Losing Value Today,TheStreet,http://us.rd.yahoo.com/finance/external/tsmfe/SIG=132q239pm/*http://www.thestreet.com/story/12100004/1/these-5-aluminum-producers-are-losing-value-today.html?puc=yahoo&cm_ven=YAHOO
20131107,Thursday,November,7,2013,AA,Senate Ready to Pass Anti-Gay Discrimination Bill,Bloomberg,http://us.rd.yahoo.com/finance/external/bloomberg/SIG=13eg8vi93/*http://www.bloomberg.com/news/2013-11-06/u-s-senate-poised-to-pass-bill-protecting-gay-workplace-rights.html?cmpid=yhoo
20131106,Wednesday,November,6,2013,AA,Raw sugar speculators boost net long stance for 6th straight week -CFTC,Reuters,http://finance.yahoo.com/news/raw-sugar-speculators-boost-net-204915574.html
20131106,Wednesday,November,6,2013,AA,Cramer's Lightning Round - Alcoa Is Creeping Up (11/5/13),Seeking Alpha,http://us.rd.yahoo.com/finance/external/pssa/SIG=12ucb06te/*http://seekingalpha.com/article/1810492-cramers-lightning-round-alcoa-is-creeping-up-11-5-13?source=yahoo
20131106,Wednesday,November,6,2013,AA,Cramer's Lightning Round - Alcoa Is Creeping Up (11/5/13),Seeking Alpha,http://us.rd.yahoo.com/finance/external/pssa/SIG=12ucb06te/*http://seekingalpha.com/article/1810492-cramers-lightning-round-alcoa-is-creeping-up-11-5-13?source=yahoo
20131105,Tuesday,November,5,2013,AA,UK businessman accused of corrupt Bahrain payments,Reuters,http://finance.yahoo.com/news/uk-businessman-accused-corrupt-bahrain-225758375.html
20131105,Tuesday,November,5,2013,AA,Today's 3 Best Stocks in the S&P 500,Motley Fool,http://us.rd.yahoo.com/finance/external/mfool/SIG=12qcms606/*http://www.fool.com/investing/general/2013/11/04/todays-3-best-stocks-in-the-sp-500.aspx?source=eogyholnk0000001
20131105,Tuesday,November,5,2013,AA,Victor Dahdaleh accused of 'large scale' corruption,Financial Times,"http://us.rd.yahoo.com/finance/external/ft/SIG=129kv45pr/*http://www.ft.com/cms/s/f7e26886-4606-11e3-b495-00144feabdc0,s01=1.html"
20131105,Tuesday,November,5,2013,AA,"Dahdaleh Paid $64 Million in Bribes to Alba, U.K. SFO Says",Bloomberg,http://us.rd.yahoo.com/finance/external/bloomberg/SIG=137qa4b9h/*http://www.bloomberg.com/news/2013-11-05/dahdaleh-paid-64-million-in-bribes-to-alba-u-k-sfo-says.html?cmpid=yhoo
20131104,Monday,November,4,2013,AA,"Aluminum Producers Rally: AA, CENX, ACH, NOR, KALU",TheStreet,http://us.rd.yahoo.com/finance/external/tsmfe/SIG=12uutdobd/*http://www.thestreet.com/story/12094908/1/aluminum-producers-rally-aa-cenx-ach-nor-kalu.html?puc=yahoo&cm_ven=YAHOO
20131104,Monday,November,4,2013,AA,Today's Momo Momentum Stock To Watch: Alcoa (AA),TheStreet,http://us.rd.yahoo.com/finance/external/tsmfe/SIG=12t1v67pq/*http://www.thestreet.com/story/12094523/1/todays-momo-momentum-stock-to-watch-alcoa-aa.html?puc=yahoo&cm_ven=YAHOO
20131104,Monday,November,4,2013,AA,"Ex-Dividend Reminder: Rollins, Interface and Alcoa",Forbes,http://us.rd.yahoo.com/finance/external/forbes/SIG=13a41klu4/*http://www.forbes.com/sites/dividendchannel/2013/11/04/ex-dividend-reminder-rollins-interface-and-alcoa/?partner=yahootix
20131031,Thursday,October,31,2013,AA,A Few Reasons Behind My Decision To Remain Slightly Bullish On Shares Of Alcoa,Seeking Alpha,http://us.rd.yahoo.com/finance/external/pssa/SIG=13odt1krb/*http://seekingalpha.com/article/1793332-a-few-reasons-behind-my-decision-to-remain-slightly-bullish-on-shares-of-alcoa?source=yahoo
20131031,Thursday,October,31,2013,AA,Interesting AA Put And Call Options For November 8th,Forbes,http://us.rd.yahoo.com/finance/external/forbes/SIG=13irq2u91/*http://www.forbes.com/sites/stockoptionschannel/2013/10/31/interesting-aa-put-and-call-options-for-november-8th/?partner=yahootix
20131030,Wednesday,October,30,2013,AA,Nokia Delivers First Quarterly Results Since Microsoft Purchase and 2 Other Hot Stocks to Watch,Wall St. Cheat Sheet,http://us.rd.yahoo.com/finance/external/xwscheats/SIG=14aavblek/*http://wallstcheatsheet.com/stocks/nokia-delivers-first-quarterly-results-since-microsoft-purchase-and-2-other-hot-stocks-to-watch.html/?ref=YF
20131030,Wednesday,October,30,2013,AA,Alcoa warns Quebec against power rate hike,Reuters,http://finance.yahoo.com/news/alcoa-warns-quebec-against-power-154826176.html
20131030,Wednesday,October,30,2013,AA,Alcoa to Cut Power Use at Quebec Plants Ahead of Price Increase,Bloomberg,http://us.rd.yahoo.com/finance/external/bloomberg/SIG=13fhhe21h/*http://www.bloomberg.com/news/2013-10-30/alcoa-to-cut-power-use-at-quebec-plants-ahead-of-price-increase.html?cmpid=yhoo
20131030,Wednesday,October,30,2013,AA,China aluminium output seen at record 24 mln T this year -Chalco,Reuters,http://finance.yahoo.com/news/china-aluminium-output-seen-record-073722087.html
20131029,Tuesday,October,29,2013,AA,JPMorgan Sees Government Opposition to Mortgage Deal and 2 More Heavily Traded Stocks to Follow,Wall St. Cheat Sheet,http://us.rd.yahoo.com/finance/external/xwscheats/SIG=14afrhol7/*http://wallstcheatsheet.com/stocks/jpmorgan-sees-government-opposition-to-mortgage-deal-and-2-more-heavily-traded-stocks-to-follow.html/?ref=YF
20131028,Monday,October,28,2013,AA,[video] Stock Pops & Drops,CNBC,http://us.rd.yahoo.com/finance/external/video/cnbc/SIG=110mfa5qs/*http://video.cnbc.com/gallery/?video=3000211652&__source=yahoo%7cheadline%7cquote%7cvideo%7c&par=yahoo
20131028,Monday,October,28,2013,AA,The Dow Committee again Gets it Wrong,ETFguide,http://finance.yahoo.com/news/dow-committee-again-gets-wrong-200441335.html
20131028,Monday,October,28,2013,AA,Alcoa willing to reopen talks with Klesch over Italy plant,Reuters,http://finance.yahoo.com/news/alcoa-willing-reopen-talks-klesch-194329200.html
20131028,Monday,October,28,2013,AA,Alcoa willing to reopen talks with Klesch - Italian unions,Reuters,http://finance.yahoo.com/news/alcoa-willing-reopen-talks-klesch-165259421.html
20131028,Monday,October,28,2013,AA,Petrobras Pops on Good News from Libra Field and 2 Other How Stocks to Watch,Wall St. Cheat Sheet,http://us.rd.yahoo.com/finance/external/xwscheats/SIG=13ni0j1tc/*http://wallstcheatsheet.com/stocks/petrobras-pops-on-good-news-from-libra-field-and-2-other-how-stocks-to-watch.html/?ref=YF
20131028,Monday,October,28,2013,AA,"Alcoa to Host Investor Day November 7, 2013",Business Wire,http://finance.yahoo.com/news/alcoa-host-investor-day-november-152700391.html
20131028,Monday,October,28,2013,AA,Trade-Ideas: Alcoa (AA) Is Today's Momo Momentum Stock,TheStreet,http://us.rd.yahoo.com/finance/external/tsmfe/SIG=133ckmp4s/*http://www.thestreet.com/story/12085161/1/trade-ideas-alcoa-aa-is-todays-momo-momentum-stock.html?puc=yahoo&cm_ven=YAHOO
20131028,Monday,October,28,2013,AA,"Alcoa Names Esra Ozer President, Alcoa Foundation",Business Wire,http://finance.yahoo.com/news/alcoa-names-esra-ozer-president-123000250.html
20131027,Sunday,October,27,2013,AA,Alcoa: Don't Get Caught Up In The Recent Earnings Beat,Seeking Alpha,http://us.rd.yahoo.com/finance/external/pssa/SIG=12u4hv422/*http://seekingalpha.com/article/1776962-alcoa-dont-get-caught-up-in-the-recent-earnings-beat?source=yahoo
20131025,Friday,October,25,2013,AA,"LME board makes decision on warehousing, gives no details",Reuters,http://finance.yahoo.com/news/lme-board-makes-decision-warehousing-155325588.html
20131025,Friday,October,25,2013,AA,Alcoa's Third Quarter Results Reflect Focus On Cash Management,Seeking Alpha,http://us.rd.yahoo.com/finance/external/pssa/SIG=1371kr4pb/*http://seekingalpha.com/article/1772922-alcoas-third-quarter-results-reflect-focus-on-cash-management?source=yahoo
20131024,Thursday,October,24,2013,AA,ALCOA INC Financials,EDGAR Online Financials,http://finance.yahoo.com/q/is?s=aa
20131024,Thursday,October,24,2013,AA,"Alcoa has benefited from warehouse logjam, WSJ says",theflyonthewall.com,http://finance.yahoo.com/news/alcoa-benefited-warehouse-logjam-wsj-160957589.html
20131024,Thursday,October,24,2013,AA,"Cedar Fair, Golden Minerals, Alcoa, Aluminum Corp. and BHP Billiton highlighted as Zacks Bull and Bear of the Day",Zacks,http://finance.yahoo.com/news/cedar-fair-golden-minerals-alcoa-114722076.html
20131024,Thursday,October,24,2013,AA,[$$] Alcoa and Rusal Are Beneficiaries of Warehouse Logjam,The Wall Street Journal,http://us.rd.yahoo.com/finance/external/wsj/SIG=12gb33fuk/*http://online.wsj.com/article/SB10001424052702304682504579153640282894978.html?ru=yahoo?mod=yahoo_itp
20131023,Wednesday,October,23,2013,AA,"Alcoa, VSMPO-AVISMA to Form Aerospace JV",Zacks,http://finance.yahoo.com/news/alcoa-vsmpo-avisma-form-aerospace-183003569.html
20131023,Wednesday,October,23,2013,AA,"Why Alcoa, Illumina, and Whirlpool Soared Today",Motley Fool,http://us.rd.yahoo.com/finance/external/mfool/SIG=135evdni7/*http://www.fool.com/investing/general/2013/10/22/why-alcoa-illumina-and-whirlpool-soared-today.aspx?source=eogyholnk0000001
20131023,Wednesday,October,23,2013,AA,"Jim Cramer: Buy Alcoa, Disney, and These 2 Stocks",Wall St. Cheat Sheet,http://us.rd.yahoo.com/finance/external/xwscheats/SIG=12p8qqp10/*http://wallstcheatsheet.com/stocks/jim-cramer-buy-alcoa-disney-and-these-2-stocks.html/?ref=YF
20131022,Tuesday,October,22,2013,AA,What's Fueling Alcoa's (AA) 11% Gain?,TheStreet,http://us.rd.yahoo.com/finance/external/tsmfe/SIG=12gnlot98/*http://www.thestreet.com/story/12078408/1/whats-fueling-alcoas-aa-11-gain.html?puc=yahoo&cm_ven=YAHOO
20131022,Tuesday,October,22,2013,AA,"Alcoa, VSMPO in joint venture to develop aerospace products",Reuters,http://finance.yahoo.com/news/alcoa-vsmpo-joint-venture-develop-212741366.html
20131022,Tuesday,October,22,2013,AA,Today's 3 Best Stocks in the S&P 500,Motley Fool,http://us.rd.yahoo.com/finance/external/mfool/SIG=12qlga0v6/*http://www.fool.com/investing/general/2013/10/22/todays-3-best-stocks-in-the-sp-500.aspx?source=eogyholnk0000001
20131022,Tuesday,October,22,2013,AA,Alcoa shares jump on unusually heavy trading,Reuters,http://finance.yahoo.com/news/alcoa-shares-jump-unusually-heavy-211408497.html
20131022,Tuesday,October,22,2013,AA,Apple snaps winning streak; Netflix rewinds,MarketWatch,http://us.rd.yahoo.com/finance/external/cbsm/SIG=11iiumket/*http://www.marketwatch.com/News/Story/Story.aspx?guid=6C72DF8C-3B0D-11E3-86B1-00212803FAD6&siteid=yhoof2
20131022,Tuesday,October,22,2013,AA,Alcoa Jumps on Speculation Aluminum Will Rise,Bloomberg,http://us.rd.yahoo.com/finance/external/bloomberg/SIG=12toeoq7n/*http://www.bloomberg.com/news/2013-10-22/alcoa-jumps-on-speculation-aluminum-will-rise.html?cmpid=yhoo
20131022,Tuesday,October,22,2013,AA,Insider Bets Paying Off At Alcoa As New 52-Week High Reached,Forbes,http://us.rd.yahoo.com/finance/external/forbes/SIG=13mfv4su5/*http://www.forbes.com/sites/dividendchannel/2013/10/22/insider-bets-paying-off-at-alcoa-as-new-52-week-high-reached/?partner=yahootix
20131022,Tuesday,October,22,2013,AA,Ford Sets 2 Weeks Downtime for Focus & C-Max Hybrids and 2 More Heavily Traded Stocks to Follow,Wall St. Cheat Sheet,http://us.rd.yahoo.com/finance/external/xwscheats/SIG=148ffbhbi/*http://wallstcheatsheet.com/stocks/ford-sets-2-weeks-downtime-for-focus-c-max-hybrids-and-2-more-heavily-traded-stocks-to-follow.html/?ref=YF
20131022,Tuesday,October,22,2013,AA,"Alcoa and Russias VSMPO-AVISMA to Form Joint Venture, Serve Growing Global Aerospace Industry",Business Wire,http://finance.yahoo.com/news/alcoa-russia-vsmpo-avisma-form-100000573.html
20131021,Monday,October,21,2013,AA,Alcoa Unveils New Wheel Alloy,Zacks,http://finance.yahoo.com/news/alcoa-unveils-wheel-alloy-204002833.html
20131021,Monday,October,21,2013,AA,Alcoa Unveils Advanced Aluminum Alloy and 2 More Heavily Traded Stocks to Follow,Wall St. Cheat Sheet,http://us.rd.yahoo.com/finance/external/xwscheats/SIG=13r4acf6h/*http://wallstcheatsheet.com/stocks/alcoa-unveils-advanced-aluminum-alloy-and-2-more-heavily-traded-stocks-to-follow.html/?ref=YF
20131021,Monday,October,21,2013,AA,"Alcoa, U.S. Army to Design Stronger Hulls to Better Withstand Bombs",Fox Business,http://us.rd.yahoo.com/finance/external/xfoxbusiness/SIG=13karslgi/*http://www.foxbusiness.com/industries/2013/10/21/alcoa-us-army-to-design-stronger-hulls-to-better-withstand-bombs/
20131021,Monday,October,21,2013,AA,Is Alcoa Out of The Woods?,Motley Fool,http://us.rd.yahoo.com/finance/external/mfool/SIG=12h2tiaho/*http://www.fool.com/investing/general/2013/10/21/is-alcoa-out-of-the-woods.aspx?source=eogyholnk0000001
20131021,Monday,October,21,2013,AA,"CORRECTING AND REPLACING PHOTO Alcoa, U.S. Army to Develop Worlds Largest Single-Piece Aluminum Hull for Combat Vehicles to Improve Troop Protection",Business Wire,http://finance.yahoo.com/news/alcoa-u-army-develop-world-120000335.html
20131020,Sunday,October,20,2013,AA,Alcoa Reinvents the Wheel Alloy,Business Wire,http://finance.yahoo.com/news/alcoa-reinvents-wheel-alloy-143000139.html
20131018,Friday,October,18,2013,AA,"ALCOA INC Files SEC form 10-Q, Quarterly Report",EDGAR Online,http://biz.yahoo.com/e/131018/aa10-q.html
20131017,Thursday,October,17,2013,AA,Ford Defends Turf as F-Series Widens Pickup Lead Over GM,Bloomberg,http://us.rd.yahoo.com/finance/external/bloomberg/SIG=138u4qmf4/*http://www.bloomberg.com/news/2013-10-17/ford-defends-turf-as-f-series-widens-pickup-lead-over-gm.html?cmpid=yhoo
20131017,Thursday,October,17,2013,AA,Alcoa Suspends Production at Saudi Smelter,Zacks,http://finance.yahoo.com/news/alcoa-suspends-production-saudi-smelter-180005801.html
20131017,Thursday,October,17,2013,AA,EU court orders Italy to recoup $400M from Alcoa,AP,http://finance.yahoo.com/news/eu-court-orders-italy-recoup-092156998.html
20131017,Thursday,October,17,2013,AA,EU court orders Italian state to recover Alcoa aid,Reuters,http://finance.yahoo.com/news/eu-court-orders-italian-state-090354904.html
20131016,Wednesday,October,16,2013,AA,Alcoa Says Maaden JV Smelter Shuts Down Potline and 2 More Heavily Traded Stocks to Follow,Wall St. Cheat Sheet,http://us.rd.yahoo.com/finance/external/xwscheats/SIG=145ig2eck/*http://wallstcheatsheet.com/stocks/alcoa-says-maaden-jv-smelter-shuts-down-potline-and-2-more-heavily-traded-stocks-to-follow.html/?ref=YF
20131016,Wednesday,October,16,2013,AA,Alcoa says potline suspended at massive Saudi smelter,Reuters,http://finance.yahoo.com/news/alcoa-says-potline-suspended-massive-183109375.html
20131016,Wednesday,October,16,2013,AA,Alcoa says output suspended at part of Saudi smelter,Reuters,http://finance.yahoo.com/news/alcoa-says-production-suspended-part-140754707.html
20131016,Wednesday,October,16,2013,AA,Alcoa says production suspended at part of Ma'aden smelter,Reuters,http://finance.yahoo.com/news/alcoa-says-production-suspended-part-134635704.html
20131016,Wednesday,October,16,2013,AA,Alcoa Update to Smelter Ramp-up at Maaden-Alcoa Joint Venture,Business Wire,http://finance.yahoo.com/news/alcoa-smelter-ramp-ma-aden-132800739.html
20131015,Tuesday,October,15,2013,AA,"ALCOA INC Files SEC form 8-K, Change in Directors or Principal Officers, Financial Statements and Exhibits",EDGAR Online,http://biz.yahoo.com/e/131015/aa8-k.html
20131015,Tuesday,October,15,2013,AA,Alcoa's Difference Maker,Seeking Alpha,http://us.rd.yahoo.com/finance/external/pssa/SIG=121ve4s51/*http://seekingalpha.com/article/1745382-alcoas-difference-maker?source=yahoo
20131015,Tuesday,October,15,2013,AA,3 Gamechangers To Shake Up 2014 Metals Markets: Part II,Seeking Alpha,http://us.rd.yahoo.com/finance/external/pssa/SIG=13020ab18/*http://seekingalpha.com/article/1745292-3-gamechangers-to-shake-up-2014-metals-markets-part-ii?source=yahoo
20131015,Tuesday,October,15,2013,AA,"Alcoa: Aluminum Prices Are Still Key, But Watching Some Positives",Seeking Alpha,http://us.rd.yahoo.com/finance/external/pssa/SIG=139gbfr4r/*http://seekingalpha.com/article/1745102-alcoa-aluminum-prices-are-still-key-but-watching-some-positives?source=yahoo
20131014,Monday,October,14,2013,AA,Monday 10/14 Insider Buying Report: Alcoa,Forbes,http://us.rd.yahoo.com/finance/external/forbes/SIG=131tmbkmi/*http://www.forbes.com/sites/marketnewsvideo/2013/10/14/monday-1014-insider-buying-report-alcoa/?partner=yahootix
20131014,Monday,October,14,2013,AA,Insider Trading Alert - Alcoa And 4 Others Traded By Insiders,TheStreet,http://us.rd.yahoo.com/finance/external/tsmfe/SIG=13d1b8f6j/*http://www.thestreet.com/story/12067940/1/insider-trading-alert--alcoa-and-4-others-traded-by-insiders.html?puc=yahoo&cm_ven=YAHOO
20131014,Monday,October,14,2013,AA,Is There Any Upside for This Aluminum Producer?,Motley Fool,http://us.rd.yahoo.com/finance/external/mfool/SIG=13afn2q21/*http://www.fool.com/investing/general/2013/10/13/would-decent-earnings-report-lift-shares-of-this-a.aspx?source=eogyholnk0000001
20131012,Saturday,October,12,2013,AA,"Why the S&P 500 Surged Above 1,700 Last Week",Motley Fool,http://us.rd.yahoo.com/finance/external/mfool/SIG=132q51fat/*http://www.fool.com/investing/general/2013/10/12/why-the-sp-500-surged-above-1700-last-week.aspx?source=eogyholnk0000001
20131011,Friday,October,11,2013,AA,"Stocks Presume Standoff Solution, Break Two-Week Losing Streak",Barrons.com,http://us.rd.yahoo.com/finance/external/barrons/SIG=13nnqclub/*http://blogs.barrons.com/stockstowatchtoday/2013/10/11/stocks-presume-standoff-solution-break-two-week-losing-streak/?mod=yahoobarrons&ru=yahoo
20131011,Friday,October,11,2013,AA,"ALCOA INC Files SEC form 8-K, Results of Operations and Financial Condition, Financial Statements and Exhibits",EDGAR Online,http://biz.yahoo.com/e/131011/aa8-k.html
20131011,Friday,October,11,2013,AA,Are Any of These Post-Earnings Companies a Buy?,Motley Fool,http://us.rd.yahoo.com/finance/external/mfool/SIG=135p2mg8d/*http://www.fool.com/investing/general/2013/10/11/are-any-of-these-post-earning-companies-a-buy.aspx?source=eogyholnk0000001
20131011,Friday,October,11,2013,AA,Trading Radar: The Earnings Floodgate Is About to Open,Minyanville,http://us.rd.yahoo.com/finance/external/minyanville/SIG=13sfir6hc/*http://www.minyanville.com/sectors/global-markets/articles/Trading-Radar-earnings-season-bank-earnings/10/11/2013/id/52202?camp=syndication&medium=portals&from=yahoo
20131011,Friday,October,11,2013,AA,Vivint Hires Former Alcoa Executive Vice President as Chief Financial Officer,PR Newswire,http://finance.yahoo.com/news/vivint-hires-former-alcoa-executive-120000838.html
20131010,Thursday,October,10,2013,AA,What An Index Reconstitution Means To Investors,Forbes,http://us.rd.yahoo.com/finance/external/forbes/SIG=138ano8la/*http://www.forbes.com/sites/feeonlyplanner/2013/10/10/what-an-index-reconstitution-means-to-investors/?partner=yahootix
20131010,Thursday,October,10,2013,AA,Alcoa - Still Not Good Enough,Seeking Alpha,http://us.rd.yahoo.com/finance/external/pssa/SIG=125lnf8e1/*http://seekingalpha.com/article/1739542-alcoa-still-not-good-enough?source=yahoo
20131010,Thursday,October,10,2013,AA,AA Crosses Above Key Moving Average Level,Forbes,http://us.rd.yahoo.com/finance/external/forbes/SIG=136iq8g6a/*http://www.forbes.com/sites/energystockchannel/2013/10/10/aa-crosses-above-key-moving-average-level/?partner=yahootix
20131010,Thursday,October,10,2013,AA,"Trade-Ideas: Alcoa (AA) Is Today's ""Roof Leaker"" Stock",TheStreet,http://us.rd.yahoo.com/finance/external/tsmfe/SIG=131mmshde/*http://www.thestreet.com/story/12065695/1/trade-ideas-alcoa-aa-is-todays-roof-leaker-stock.html?puc=yahoo&cm_ven=YAHOO
20131010,Thursday,October,10,2013,AA,Alcoas Latest Armor Product Specified for Use By U.S. Army and 2 Other Hot Stocks to Watch,Wall St. Cheat Sheet,http://us.rd.yahoo.com/finance/external/xwscheats/SIG=144f4mveb/*http://wallstcheatsheet.com/stocks/alcoas-latest-armor-product-specified-for-use-by-u-s-army-and-2-other-hot-stocks-to-watch.html/?ref=YF
20131010,Thursday,October,10,2013,AA,"Graeme Bottger Named President, Alcoa Global Business Services; Robert Collins Succeeds Bottger as Company Controller",Business Wire,http://finance.yahoo.com/news/graeme-bottger-named-president-alcoa-161800079.html
20131010,Thursday,October,10,2013,AA,What Alcoa's Results Mean to the Industrial Sector,Motley Fool,http://us.rd.yahoo.com/finance/external/mfool/SIG=13983t9fb/*http://www.fool.com/investing/general/2013/10/10/what-alcoas-results-mean-to-the-industrial-sector.aspx?source=eogyholnk0000001
20131010,Thursday,October,10,2013,AA,"Latest Alcoa Armor Now Specified by U.S. Army Research Lab For Highest Strength, Troop Protection in Military Vehicles",Business Wire,http://finance.yahoo.com/news/latest-alcoa-armor-now-specified-140400802.html
20131010,Thursday,October,10,2013,AA,"Alcoa Survives Flimsy Metal Markets in Third-Quarter 2013, Expects to Beat End-of-Year Expectations, an Industrial Info News Alert",Marketwired,http://finance.yahoo.com/news/alcoa-survives-flimsy-metal-markets-101500313.html
20131010,Thursday,October,10,2013,AA,Cramer's Mad Money - Defensive Stocks Are Immunized (10/9/13),Seeking Alpha,http://us.rd.yahoo.com/finance/external/pssa/SIG=132l44c2q/*http://seekingalpha.com/article/1737782-cramers-mad-money-defensive-stocks-are-immunized-10-9-13?source=yahoo
20131009,Wednesday,October,9,2013,AA,[video] Global picture robust for Alcoa's engineering: Cramer,CNBC,http://us.rd.yahoo.com/finance/external/video/cnbc/SIG=110mfa5qs/*http://video.cnbc.com/gallery/?video=3000206027&__source=yahoo%7cheadline%7cquote%7cvideo%7c&par=yahoo
20131009,Wednesday,October,9,2013,AA,Cramer: Did you miss this bullish 'tell'?,CNBC,http://us.rd.yahoo.com/finance/external/cnbc/SIG=112ao9ist/*http://www.cnbc.com/id/101099859?__source=yahoo%257cfinance%257cheadline%257cheadline%257cstory&par=yahoo&doc=101099859%257cCramer:+Did+you+miss+this
20131009,Wednesday,October,9,2013,AA,[video] Stock Pops & Drops,CNBC,http://us.rd.yahoo.com/finance/external/video/cnbc/SIG=110mfa5qs/*http://video.cnbc.com/gallery/?video=3000206034&__source=yahoo%7cheadline%7cquote%7cvideo%7c&par=yahoo
20131009,Wednesday,October,9,2013,AA,"Dow, S&P 500 end modestly higher on hopeful signs in fiscal impasse",Reuters,http://finance.yahoo.com/news/stock-futures-yellen-tapped-next-114731133.html
20131009,Wednesday,October,9,2013,AA,"US STOCKS-Dow, S&P 500 end modestly higher on hopeful signs in fiscal impasse",Reuters,http://finance.yahoo.com/news/us-stocks-dow-p-500-205045465.html
20131009,Wednesday,October,9,2013,AA,"ALCOA INC Files SEC form 8-K, Results of Operations and Financial Condition, Financial Statements and Exhibits",EDGAR Online,http://biz.yahoo.com/e/131009/aa8-k.html
20131009,Wednesday,October,9,2013,AA,K12 and Alcoa are big market movers,AP,http://finance.yahoo.com/news/k12-alcoa-big-market-movers-203008078.html
20131009,Wednesday,October,9,2013,AA,[video] The Top Ten Stocks for Oct. 9,Bloomberg,http://us.rd.yahoo.com/finance/external/video/bloomberg/SIG=12p8vnjja/*http://www.bloomberg.com/video/the-top-ten-stocks-for-oct-9-yImXEJbyRgCdEa3AFh_58w.html?cmpid=yhoo
20131009,Wednesday,October,9,2013,AA,Stocks make small gains on signs of compromise,AP,http://finance.yahoo.com/news/stocks-small-gains-signs-compromise-195140995.html
20131009,Wednesday,October,9,2013,AA,Wednesday Closing Bell: Markets Edge Higher on Less Bad News,24/7 Wall St.,http://finance.yahoo.com/news/wednesday-closing-bell-markets-edge-201740696.html
20131009,Wednesday,October,9,2013,AA,Mens Wearhouse Soars on Proposal; Yum Brands Plunges; Techs Bleed Again,Hot Stock Minute,http://finance.yahoo.com/blogs/hot-stock-minute/men-wearhouse-soars-proposal-yum-brands-plunges-techs-195848090.html
20131009,Wednesday,October,9,2013,AA,Will Recent Earnings Boost Alcoa?,Wall St. Cheat Sheet,http://us.rd.yahoo.com/finance/external/xwscheats/SIG=12b8jtqdf/*http://wallstcheatsheet.com/stocks/will-recent-earnings-boost-alcoa.html/?ref=YF
20131009,Wednesday,October,9,2013,AA,Alcoa to the Dow: How Do You Like Them Earnings?,Barrons.com,http://us.rd.yahoo.com/finance/external/barrons/SIG=138bh4kk2/*http://blogs.barrons.com/stockstowatchtoday/2013/10/09/alcoa-to-the-dow-how-do-you-like-them-earnings/?mod=yahoobarrons
20131009,Wednesday,October,9,2013,AA,Alcoa Gets Earnings Season Off to the Right Start,TheStreet,http://us.rd.yahoo.com/finance/external/tsmfe/SIG=1321upfq1/*http://www.thestreet.com/story/12063888/1/alcoa-gets-earnings-season-off-to-the-right-start.html?puc=yahoo&cm_ven=YAHOO
20131009,Wednesday,October,9,2013,AA,EU May Allow Aid to Energy-Intensive Firms Defended by Merkel,Bloomberg,http://us.rd.yahoo.com/finance/external/bloomberg/SIG=13dfi03md/*http://www.bloomberg.com/news/2013-10-09/eu-may-allow-aid-to-energy-intensive-firms-defended-by-merkel.html?cmpid=yhoo
20131009,Wednesday,October,9,2013,AA,"[video] Top 3 trades: ARIA, SBUX & AA",CNBC,http://us.rd.yahoo.com/finance/external/video/cnbc/SIG=110mfa5qs/*http://video.cnbc.com/gallery/?video=3000205952&__source=yahoo%7cheadline%7cquote%7cvideo%7c&par=yahoo
20131009,Wednesday,October,9,2013,AA,"Costcos Soft Quarter, Alcoas Earnings Surprise, and 3 More Hot Stocks",Wall St. Cheat Sheet,http://us.rd.yahoo.com/finance/external/xwscheats/SIG=13egsos7m/*http://wallstcheatsheet.com/stocks/costcos-soft-quarter-alcoas-earnings-surprise-and-3-more-hot-stocks.html/?ref=YF
20131009,Wednesday,October,9,2013,AA,US STOCKS-Wall St's tech-led fall outweighs choice of Yellen for Fed,Reuters,http://finance.yahoo.com/news/us-stocks-wall-sts-tech-155515454.html
20131009,Wednesday,October,9,2013,AA,[video] Yellen Not Enough to Halt Bears,TheStreet,http://us.rd.yahoo.com/finance/external/video/tsmfe/SIG=12nrhhio5/*http://www.thestreet.com/_yahoo/story/12063982/1/yellen-not-enough-to-halt-bears.html?cm_ven=YAHOOV&cm_cat=FREE&cm_ite=NA
20131009,Wednesday,October,9,2013,AA,[video] You still can't ignore Alcoa,CNNMoney.com,http://us.rd.yahoo.com/finance/external/video/cnnm/SIG=12nsfibi4/*http://money.cnn.com/video/investing/2013/10/09/investing-the-buzz-alcoa-jpm.cnnmoney
20131009,Wednesday,October,9,2013,AA,Alcoa Profit Exceeds Estimates After Aerospace Segment Gains,Bloomberg,http://us.rd.yahoo.com/finance/external/bloomberg/SIG=13d0u778f/*http://www.bloomberg.com/news/2013-10-08/alcoa-earnings-top-estimates-after-gains-at-aerospace-segment.html?cmpid=yhoo
20131009,Wednesday,October,9,2013,AA,"Wall Street Welcomes Fed News, Halts Two-Day Selloff",Fox Business,http://us.rd.yahoo.com/finance/external/xfoxbusiness/SIG=131oo5q1r/*http://www.foxbusiness.com/markets/2013/10/09/wall-street-welcomes-fed-news-halts-two-day-rout/
20131009,Wednesday,October,9,2013,AA,Alcoa - Thoughts On The First Big Q3 Earnings Number,Seeking Alpha,http://us.rd.yahoo.com/finance/external/pssa/SIG=12s64v3tt/*http://seekingalpha.com/article/1736382-alcoa-thoughts-on-the-first-big-q3-earnings-number?source=yahoo
20131009,Wednesday,October,9,2013,AA,US STOCKS-Wall St flat as stalemate counters relief over Yellen,Reuters,http://finance.yahoo.com/news/us-stocks-wall-st-flat-143645658.html
20131009,Wednesday,October,9,2013,AA,Stocks Mixed In Rising Trade; Leaders Surrender Early Surge,Investor's Business Daily,http://us.rd.yahoo.com/finance/external/investors/SIG=12af0god1/*http://news.investors.com/100913-674363-stocks-mixed-in-rising-trade.htm?ven=yahoocp&src=aurlled&ven=yahoo
20131009,Wednesday,October,9,2013,AA,US STOCKS-Wall Street flat as stalemate offsets Yellen optimism,Reuters,http://finance.yahoo.com/news/us-stocks-wall-street-flat-140737688.html
20131009,Wednesday,October,9,2013,AA,"Stocks to Watch: Men's Wearhouse, Alcoa, Yum Brands",The Wall Street Journal,http://us.rd.yahoo.com/finance/external/wsj/SIG=11sebfp2e/*http://blogs.wsj.com/moneybeat/2013/10/09/stocks-to-watch/?mod=yahoo_hs
20131009,Wednesday,October,9,2013,AA,Alcoa Kicks Off Earnings Season With A Cautious Beat,Seeking Alpha,http://us.rd.yahoo.com/finance/external/pssa/SIG=12usn2hpp/*http://seekingalpha.com/article/1736112-alcoa-kicks-off-earnings-season-with-a-cautious-beat?source=yahoo
20131009,Wednesday,October,9,2013,AA,"[video] Cramer's Mad Dash: AA, FD, DLTR",CNBC,http://us.rd.yahoo.com/finance/external/video/cnbc/SIG=110mfa5qs/*http://video.cnbc.com/gallery/?video=3000206001&__source=yahoo%7cheadline%7cquote%7cvideo%7c&par=yahoo
20131009,Wednesday,October,9,2013,AA,[video] Futures Hold Steady Amid Washington Turmoil,MarketWatch,http://us.rd.yahoo.com/finance/external/video/cbsm/SIG=11iiumket/*http://www.marketwatch.com/News/Story/Story.aspx?guid=6B9ADE29-75A6-48B0-8FD4-28CC12801311&siteid=yhoof2
20131009,Wednesday,October,9,2013,AA,US STOCKS-Wall Street set to open up on expected Yellen nomination,Reuters,http://finance.yahoo.com/news/us-stocks-wall-street-set-131121579.html
20131009,Wednesday,October,9,2013,AA,Stock Futures Trim Early Gains; Men's Wearhouse Spikes On Offer,Investor's Business Daily,http://us.rd.yahoo.com/finance/external/investors/SIG=12cajeb0t/*http://news.investors.com/100913-674357-stocks-futures-off-early-highs.htm?ven=yahoocp&src=aurlled&ven=yahoo
20131009,Wednesday,October,9,2013,AA,Alcoa Beats the Bears and Smashes Analyst Expectations,Wall St. Cheat Sheet,http://us.rd.yahoo.com/finance/external/xwscheats/SIG=1317eb6ab/*http://wallstcheatsheet.com/stocks/alcoa-beats-the-bears-and-smashes-analyst-expectations.html/?ref=YF
20131009,Wednesday,October,9,2013,AA,US STOCKS-Futures inch up on optimism over Yellen nomination,Reuters,http://finance.yahoo.com/news/us-stocks-futures-inch-optimism-123213403.html
20131009,Wednesday,October,9,2013,AA,Ahead of the Bell: Alcoa,AP,http://finance.yahoo.com/news/ahead-bell-alcoa-120306672.html
20131009,Wednesday,October,9,2013,AA,Alcoa Beats Earnings Despite Lower Prices,Zacks,http://finance.yahoo.com/news/alcoa-beats-earnings-despite-lower-121004390.html
20131009,Wednesday,October,9,2013,AA,"The Zacks Analyst Blog Highlights: Alcoa, Micron Technology, Apple, Spansion and Plexus",Zacks,http://finance.yahoo.com/news/zacks-analyst-blog-highlights-alcoa-115105735.html
20131009,Wednesday,October,9,2013,AA,US STOCKS-Futures up after Yellen tapped as next Fed chief,Reuters,http://finance.yahoo.com/news/us-stocks-futures-yellen-tapped-114629920.html
20131009,Wednesday,October,9,2013,AA,Wall Street Breakfast: Must-Know News,Seeking Alpha,http://us.rd.yahoo.com/finance/external/pssa/SIG=12eu9bhcp/*http://seekingalpha.com/article/1735762-wall-street-breakfast-must-know-news?source=yahoo
20131009,Wednesday,October,9,2013,AA,[$$] Alcoa Reports Profitable Quarter on Lower Costs,The Wall Street Journal,http://us.rd.yahoo.com/finance/external/wsj/SIG=12g659516/*http://online.wsj.com/article/SB10001424052702304171804579123722134134930.html?ru=yahoo?mod=yahoo_itp
20131008,Tuesday,October,8,2013,AA,Alcoa's CEO Discusses Q3 2013 Results - Earnings Call Transcript,Seeking Alpha,http://us.rd.yahoo.com/finance/external/xtrsa/SIG=1374pn7aq/*http://seekingalpha.com/article/1735452-alcoas-ceo-discusses-q3-2013-results-earnings-call-transcript?source=yahoo
20131008,Tuesday,October,8,2013,AA,LME changes hurt aluminum premiums: Alcoa executives,Reuters,http://finance.yahoo.com/news/aluminum-premiums-pressured-confusion-over-214247621.html
20131008,Tuesday,October,8,2013,AA,News Summary: Alcoa swings to 3Q profit,AP,http://finance.yahoo.com/news/news-summary-alcoa-swings-3q-232624841.html
20131008,Tuesday,October,8,2013,AA,LME changes hurt aluminum premiums -Alcoa executives,Reuters,http://finance.yahoo.com/news/lme-changes-hurt-aluminum-premiums-232418575.html
20131008,Tuesday,October,8,2013,AA,Alcoa posts slim 3Q profit on lower costs,AP,http://finance.yahoo.com/news/alcoa-posts-slim-3q-profit-202305448.html
20131008,Tuesday,October,8,2013,AA,What Alcoa's results say about global manufacturing,MarketWatch,http://us.rd.yahoo.com/finance/external/cbsm/SIG=11iiumket/*http://www.marketwatch.com/News/Story/Story.aspx?guid=31604424-C2D4-D575-4454-C4C422D270D4&siteid=yhoof2
20131008,Tuesday,October,8,2013,AA,Alcoa tops earnings outlook despite weak aluminum prices,Reuters,http://finance.yahoo.com/news/alcoa-tops-earnings-outlook-despite-203443533.html
20131008,Tuesday,October,8,2013,AA,"Radar Movers: Apple Prepares to Launch New iPads, Yum! Brands Plunges 8%",Wall St. Cheat Sheet,http://us.rd.yahoo.com/finance/external/xwscheats/SIG=13fqrobob/*http://wallstcheatsheet.com/stocks/radar-movers-apple-prepares-to-launch-new-ipads-yum-brands-plunges-8.html/?ref=YF
20131008,Tuesday,October,8,2013,AA,Alcoa says strategic re-positioning is working well,theflyonthewall.com,http://us.rd.yahoo.com/finance/external/theflyonthewall/SIG=13n0ifame/*http://www.theflyonthewall.com/permalinks/entry.php/AAid1897675/AA-Alcoa-says-strategic-repositioning-is-working-well
20131008,Tuesday,October,8,2013,AA,Stocks fall as investors wait on Washington,AP,http://finance.yahoo.com/news/stocks-fall-investors-wait-washington-165149661.html
20131008,Tuesday,October,8,2013,AA,"After-hours buzz: Alcoa, Yum Brands, Apple & more",CNBC,"http://us.rd.yahoo.com/finance/external/cnbc/SIG=1124i31hl/*http://www.cnbc.com/id/101096168?__source=yahoo%7Cfinance%7Cheadline%7Cheadline%7Cstory&par=yahoo&doc=101096168%7CAfter-hours+buzz:+Alcoa,+"
20131008,Tuesday,October,8,2013,AA,Alcoa swings to profit on lower costs,MarketWatch,http://us.rd.yahoo.com/finance/external/cbsm/SIG=11iiumket/*http://www.marketwatch.com/News/Story/Story.aspx?guid=80FF2DA4-305C-11E3-A2F6-00212803FAD6&siteid=yhoof2
20131008,Tuesday,October,8,2013,AA,Alcoa Inc. Earnings Call scheduled for 5:00 pm ET today,CCBN,http://biz.yahoo.com/cc/1/141241.html
20131008,Tuesday,October,8,2013,AA,Alcoa's Q3 Profits Soar Above Street Expectations,Forbes,http://us.rd.yahoo.com/finance/external/forbes/SIG=138rie93v/*http://www.forbes.com/sites/maggiemcgrath/2013/10/08/alcoas-q3-profits-soar-above-street-expectations/?partner=yahootix
20131008,Tuesday,October,8,2013,AA,"Alcoa, Inc. Discusses Q3 2013 Results (Webcast)",Seeking Alpha,http://us.rd.yahoo.com/finance/external/xtrsa/SIG=12l1qku92/*http://seekingalpha.com/article/1724262-alcoa-inc-discusses-q3-2013-results-webcast?source=yahoo
20131008,Tuesday,October,8,2013,AA,Alcoa Beats EPS on Restructuring,Zacks,http://finance.yahoo.com/news/alcoa-beats-eps-restructuring-205223666.html
20131008,Tuesday,October,8,2013,AA,[video] The Top Ten Stocks for Oct. 8,Bloomberg,http://us.rd.yahoo.com/finance/external/video/bloomberg/SIG=12p6g7434/*http://www.bloomberg.com/video/the-top-ten-stocks-for-oct-8-ABiDIUX5Ry%7Ev6LWhk%7EMZ_g.html?cmpid=yhoo
20131008,Tuesday,October,8,2013,AA,At the Close: Dow Sheds 160 Points as Debt Debate Hits T-Bills,Barrons.com,http://us.rd.yahoo.com/finance/external/barrons/SIG=13ncnjdhp/*http://blogs.barrons.com/stockstowatchtoday/2013/10/08/at-the-close-dow-sheds-160-points-as-debt-debate-hits-t-bills/?mod=yahoobarrons
20131008,Tuesday,October,8,2013,AA,"Alcoa Beats Profit Forecasts, Gains 2% After Hours",Barrons.com,http://us.rd.yahoo.com/finance/external/barrons/SIG=132pamdig/*http://blogs.barrons.com/stockstowatchtoday/2013/10/08/alcoa-beats-earnings-gains-2-after-hours/?mod=yahoobarrons
20131008,Tuesday,October,8,2013,AA,Alcoa Overcomes Price Slump by Posting 3Q Beat,Fox Business,http://us.rd.yahoo.com/finance/external/xfoxbusiness/SIG=12a0nl547/*http://www.foxbusiness.com/industries/2013/10/08/alcoa-reports-earnings/
20131008,Tuesday,October,8,2013,AA,Alcoa Kicks Off Earnings Season Better Than Poorly,24/7 Wall St.,http://finance.yahoo.com/news/alcoa-earnings-kick-earnings-season-201453066.html
20131008,Tuesday,October,8,2013,AA,Alcoa reports profit despite weak prices,Reuters,http://finance.yahoo.com/news/alcoa-reports-profit-despite-weak-201240262.html
20131008,Tuesday,October,8,2013,AA,[video] Very good quarter: Alcoa CEO,CNBC,http://us.rd.yahoo.com/finance/external/video/cnbc/SIG=110mfa5qs/*http://video.cnbc.com/gallery/?video=3000205877&__source=yahoo%7Cheadline%7Cquote%7Cvideo%7C&par=yahoo
20131008,Tuesday,October,8,2013,AA,"Alcoa beats earnings estimates, reaffirms forecast",CNBC,http://us.rd.yahoo.com/finance/external/cnbc/SIG=112uqauqv/*http://www.cnbc.com/id/101095877?__source=yahoo%7Cfinance%7Cheadline%7Cheadline%7Cstory&par=yahoo&doc=101095877%7CAlcoa+beats+earnings+esti
20131008,Tuesday,October,8,2013,AA,Alcoa sees 9%-10% global growth in aerospace in 2013,theflyonthewall.com,http://finance.yahoo.com/news/alcoa-sees-9-10-global-200603638.html
20131008,Tuesday,October,8,2013,AA,Alcoa Earnings Crush Expectations,Business Insider,http://finance.yahoo.com/news/live-alcoa-announces-earnings-194349739.html
20131008,Tuesday,October,8,2013,AA,Stocks Sink as Budget Blame Game Heats Up,Hot Stock Minute,http://finance.yahoo.com/blogs/hot-stock-minute/stocks-sink-budget-blame-game-heats-200442895.html
20131008,Tuesday,October,8,2013,AA,"Alcoa Reports Third Quarter Profit Driven by Strong Operating Performance; Net Income of $0.02 Per Share; Excluding Special Items, Net Income of $0.11 Per Share",Business Wire,http://finance.yahoo.com/news/alcoa-reports-third-quarter-profit-200300003.html
20131008,Tuesday,October,8,2013,AA,[video] Alcoa reports Q3 earnings,CNBC,http://us.rd.yahoo.com/finance/external/video/cnbc/SIG=110mfa5qs/*http://video.cnbc.com/gallery/?video=3000205883&__source=yahoo%7Cheadline%7Cquote%7Cvideo%7C&par=yahoo
20131008,Tuesday,October,8,2013,AA,"Alcoa Reports Third Quarter Profit Driven by Strong Operating Performance; Net Income of $0.02 Per Share; Excluding Special Items, Net Income of $0.11 Per Share",Business Wire,http://finance.yahoo.com/news/alcoa-reports-third-quarter-profit-200300003.html
20131008,Tuesday,October,8,2013,AA,Whisper Number: How Will Alcoas Stock Move After Earnings?,Wall St. Cheat Sheet,http://us.rd.yahoo.com/finance/external/xwscheats/SIG=133te64sn/*http://wallstcheatsheet.com/stocks/whisper-number-how-will-alcoas-stock-move-after-earnings.html/?ref=YF
20131008,Tuesday,October,8,2013,AA,"Stocks Near Session Lows; Jazz, Facebook Tumble",Investor's Business Daily,http://us.rd.yahoo.com/finance/external/investors/SIG=12le7m60u/*http://news.investors.com/100813-674227-stock-market-indexes-stay-sharply-lower.htm?ven=yahoocp&src=aurlled&ven=yahoo
20131008,Tuesday,October,8,2013,AA,[video] CEO mashup on Washington dysfunction,CNNMoney.com,http://us.rd.yahoo.com/finance/external/video/cnnm/SIG=12tt3g44l/*http://money.cnn.com/video/news/2013/10/08/n-ceos-government-shutdown-debt-ceiling.cnnmoney
20131008,Tuesday,October,8,2013,AA,Stocks dip as investors wait on Washington,AP,http://finance.yahoo.com/news/stocks-dip-investors-wait-washington-150454927.html
20131008,Tuesday,October,8,2013,AA,[video] Budget Battle Subdues Stocks,TheStreet,http://us.rd.yahoo.com/finance/external/video/tsmfe/SIG=12kgqo162/*http://www.thestreet.com/_yahoo/story/12062553/1/budget-battle-subdues-stocks.html?cm_ven=YAHOOV&cm_cat=FREE&cm_ite=NA
20131008,Tuesday,October,8,2013,AA,At the Open: Stocks Edge Lower As Impasse Stokes International Concern,Barrons.com,http://us.rd.yahoo.com/finance/external/barrons/SIG=13ve6j8db/*http://blogs.barrons.com/stockstowatchtoday/2013/10/08/at-the-open-stocks-edge-lower-as-impasse-stokes-international-concern/?mod=yahoobarrons
20131008,Tuesday,October,8,2013,AA,[video] Expectations low enough to keep 'bullish story' going: Pro,CNBC,http://us.rd.yahoo.com/finance/external/video/cnbc/SIG=110mfa5qs/*http://video.cnbc.com/gallery/?video=3000205781&__source=yahoo%7Cheadline%7Cquote%7Cvideo%7C&par=yahoo
20131008,Tuesday,October,8,2013,AA,"Stock futures edge up; shutdown, Alcoa in focus",MarketWatch,http://us.rd.yahoo.com/finance/external/cbsm/SIG=11iiumket/*http://www.marketwatch.com/News/Story/Story.aspx?guid=AB14DF32-2FF6-11E3-A2F6-00212803FAD6&siteid=yhoof2
20131008,Tuesday,October,8,2013,AA,"JPMorgan to Fight CFTC Charges, Alcoa to Kick Off Earnings Season: Morning Buzzers",Wall St. Cheat Sheet,http://us.rd.yahoo.com/finance/external/xwscheats/SIG=13r6vkcdl/*http://wallstcheatsheet.com/stocks/jpmorgan-to-fight-cftc-charges-alcoa-to-kick-off-earnings-season-morning-buzzers.html/?ref=YF
20131008,Tuesday,October,8,2013,AA,Poll: Will Debt Drama Overshadow Earnings?,Hot Stock Minute,http://finance.yahoo.com/blogs/hot-stock-minute/poll-debt-drama-overshadow-earnings-125928533.html
20131008,Tuesday,October,8,2013,AA,"Icahn Energizes Talisman, Jamba Feels Consumer Squeeze",Hot Stock Minute,http://finance.yahoo.com/blogs/hot-stock-minute/icahn-energizes-talisman-jamba-feels-consumer-squeeze-125522130.html
20131008,Tuesday,October,8,2013,AA,"Senate May Try to Raise Debt Limit for One Year; Alcoa, Yum Brands to Kick Off Earnings Season",Minyanville,http://us.rd.yahoo.com/finance/external/minyanville/SIG=14aqfhv2o/*http://www.minyanville.com/business-news/politics-and-regulation/articles/government-shutdown-futures-Affordable-Care/10/8/2013/id/52127?camp=syndication&medium=portals&from=yahoo
20131008,Tuesday,October,8,2013,AA,Will DC Overshadow the Q3 Earnings Season?,Zacks,http://finance.yahoo.com/news/dc-overshadow-q3-earnings-season-124347731.html
20131008,Tuesday,October,8,2013,AA,Market Awaiting Progress in Washington,Hot Stock Minute,http://finance.yahoo.com/blogs/hot-stock-minute/market-awaiting-progress-washington-120035003.html
20131008,Tuesday,October,8,2013,AA,[video] Kicking off Earnings Season from Nasdaq,TheStreet,http://us.rd.yahoo.com/finance/external/video/tsmfe/SIG=12v89675t/*http://www.thestreet.com/_yahoo/story/12061767/1/kicking-off-earnings-season-from-nasdaq.html?cm_ven=YAHOOV&cm_cat=FREE&cm_ite=NA
20131008,Tuesday,October,8,2013,AA,Oil rises to near $104 ahead of Alcoa results,AP,http://finance.yahoo.com/news/oil-rises-near-104-ahead-112406378.html
20131008,Tuesday,October,8,2013,AA,Q3 2013 Alcoa Inc. Earnings Release - After Market Close,CCBN,http://biz.yahoo.com/research/earncal/20131008.html?t=aa
20131008,Tuesday,October,8,2013,AA,"Alcoa, Yum Brands are stocks to watch Tuesday",MarketWatch,http://us.rd.yahoo.com/finance/external/cbsm/SIG=11iiumket/*http://www.marketwatch.com/News/Story/Story.aspx?guid=943518DE-2F8F-11E3-B4B5-00212803FAD6&siteid=yhoof2
20131008,Tuesday,October,8,2013,AA,U.S. Stock Futures Fluctuate Before Alcoa Starts Earnings Season,Bloomberg,http://us.rd.yahoo.com/finance/external/bloomberg/SIG=13fiisuva/*http://www.bloomberg.com/news/2013-10-08/u-s-stock-futures-fluctuate-before-alcoa-starts-earnings-season.html?cmpid=yhoo
20131008,Tuesday,October,8,2013,AA,Oil rises above $103 ahead of Alcoa results,AP,http://finance.yahoo.com/news/oil-rises-above-103-ahead-085551428.html
20131008,Tuesday,October,8,2013,AA,Stocks Finish Lower as Shutdown Continues,The Wall Street Journal,http://us.rd.yahoo.com/finance/external/wsj/SIG=12g2b3of0/*http://online.wsj.com/article/SB10001424052702303442004579120914186885256.html?ru=yahoo?mod=yahoo_itp
20131007,Monday,October,7,2013,AA,This Week's Most Important Earnings Releases,Motley Fool,http://us.rd.yahoo.com/finance/external/mfool/SIG=133a49o30/*http://www.fool.com/investing/general/2013/10/07/this-weeks-most-important-earnings-releases.aspx?source=eogyholnk0000001
20131007,Monday,October,7,2013,AA,What Investors Should Watch This Week,Motley Fool,http://us.rd.yahoo.com/finance/external/mfool/SIG=12tbb8762/*http://www.fool.com/investing/general/2013/10/07/what-investors-should-watch-this-week.aspx?source=eogyholnk0000001
20131007,Monday,October,7,2013,AA,U.S. Stocks Drop on Default Concern Amid Budget Deadlock,Bloomberg,http://us.rd.yahoo.com/finance/external/bloomberg/SIG=135hs98kj/*http://www.bloomberg.com/news/2013-10-07/u-s-stock-index-futures-drop-amid-debt-limit-deadlock.html?cmpid=yhoo
20131007,Monday,October,7,2013,AA,Dow closes at one-month low on shutdown woes; Vix spikes 13%,CNBC,http://us.rd.yahoo.com/finance/external/cnbc/SIG=112ki0d02/*http://www.cnbc.com/id/101091614?__source=yahoo%7Cfinance%7Cheadline%7Cheadline%7Cstory&par=yahoo&doc=101091614%7CDow+closes+at+one-month+l
20131007,Monday,October,7,2013,AA,Which Metals to Short?,24/7 Wall St.,http://finance.yahoo.com/news/metals-short-191452283.html
20131007,Monday,October,7,2013,AA,"[video] 3 to Watch: AA, YUM & WWW",CNBC,http://us.rd.yahoo.com/finance/external/video/cnbc/SIG=110mfa5qs/*http://video.cnbc.com/gallery/?video=3000205313&__source=yahoo%7Cheadline%7Cquote%7Cvideo%7C&par=yahoo
20131007,Monday,October,7,2013,AA,Earnings Preview: Alcoa sentiment negative ahead of Q3 report,theflyonthewall.com,http://us.rd.yahoo.com/finance/external/theflyonthewall/SIG=1405ovpat/*http://www.theflyonthewall.com/permalinks/entry.php/AAid1896924/AA-Earnings-Preview-Alcoa-sentiment-negative-ahead-of-Q-report
20131007,Monday,October,7,2013,AA,Will Alcoa Earnings Send the Dow Stumbling or Soaring?,Motley Fool,http://us.rd.yahoo.com/finance/external/mfool/SIG=13acol4l5/*http://www.fool.com/investing/general/2013/10/07/will-alcoa-earnings-send-the-dow-stumbling-or-soar.aspx?source=eogyholnk0000001
20131007,Monday,October,7,2013,AA,[video] Dow's Exiles Often Have Last Laugh,MarketWatch,http://us.rd.yahoo.com/finance/external/video/cbsm/SIG=11iiumket/*http://www.marketwatch.com/News/Story/Story.aspx?guid=871E4ACD-5FEE-401F-99C1-AF456AAEC36C&siteid=yhoof2
20131007,Monday,October,7,2013,AA,[video] U.S. Stock Futures Slump as Shutdown Enters Week Two,MarketWatch,http://us.rd.yahoo.com/finance/external/video/cbsm/SIG=11iiumket/*http://www.marketwatch.com/News/Story/Story.aspx?guid=41AEB01C-3DC7-447B-83DB-F28A1A4AD42D&siteid=yhoof2
20131007,Monday,October,7,2013,AA,"[video] Monday, October 7: Watch Alcoa, Boeing and BlackBerry",MarketWatch,http://us.rd.yahoo.com/finance/external/video/cbsm/SIG=11iiumket/*http://www.marketwatch.com/News/Story/Story.aspx?guid=56F57C50-B83A-483A-B652-D747026580D8&siteid=yhoof2
20131007,Monday,October,7,2013,AA,Alcoa downgraded to equal weight by Morgan Stanley,MarketWatch,http://us.rd.yahoo.com/finance/external/cbsm/SIG=11iiumket/*http://www.marketwatch.com/News/Story/Story.aspx?guid=EEF57ADD-8F2B-4E8D-B6BE-50C95CB2FB89&siteid=yhoof2
20131007,Monday,October,7,2013,AA,US STOCKS-Futures drop as Washington stalemate drags on,Reuters,http://finance.yahoo.com/news/us-stocks-futures-drop-washington-121241578.html
20131007,Monday,October,7,2013,AA,"Alcoa, J.P. Morgan, Wells Fargo, Costco and Yum Brands are part of Zacks Earnings Preview:",Zacks,http://finance.yahoo.com/news/alcoa-j-p-morgan-wells-112833723.html
20131007,Monday,October,7,2013,AA,Week Ahead: Let's Hope Churchill Was Wrong About Americans,Forbes,http://us.rd.yahoo.com/finance/external/forbes/SIG=13fum1umk/*http://www.forbes.com/sites/markmcsherry/2013/10/07/week-ahead-lets-hope-churchill-was-wrong-about-americans/?partner=yahootix
20131007,Monday,October,7,2013,AA,Alcoa's Down but Not Out,TheStreet,http://finance.yahoo.com/news/alcoas-down-not-100000049.html
20131007,Monday,October,7,2013,AA,Alcoa: Expectations Too Low For Real Growth Potential,Seeking Alpha,http://us.rd.yahoo.com/finance/external/pssa/SIG=12u0df541/*http://seekingalpha.com/article/1731592-alcoa-expectations-too-low-for-real-growth-potential?source=yahoo
20131006,Sunday,October,6,2013,AA,[video] Alcoa Starts New Earnings Season,TheStreet,http://us.rd.yahoo.com/finance/external/video/tsmfe/SIG=12ov64m0d/*http://www.thestreet.com/_yahoo/story/12059172/1/alcoa-starts-new-earnings-season.html?cm_ven=YAHOOV&cm_cat=FREE&cm_ite=NA
20131006,Sunday,October,6,2013,AA,Electric Rate Hikes Hobble An Ohio Industrial Giant,Forbes,http://us.rd.yahoo.com/finance/external/forbes/SIG=13bit8juu/*http://www.forbes.com/sites/williampentland/2013/10/06/electric-rate-hikes-hobble-ohios-industrial-giant/?partner=yahootix
20131005,Saturday,October,5,2013,AA,Alcoa expected to post slim 3Q adjusted profit,AP,http://finance.yahoo.com/news/alcoa-expected-post-slim-3q-223839320.html
20131004,Friday,October,4,2013,AA,Wall Street Optimistically Awaits Alcoa Numbers and 2 More Heavily Traded Stocks to Follow,Wall St. Cheat Sheet,http://us.rd.yahoo.com/finance/external/xwscheats/SIG=1451cspmr/*http://wallstcheatsheet.com/stocks/wall-street-optimistically-awaits-alcoa-numbers-and-2-more-heavily-traded-stocks-to-follow.html/?ref=YF
20131004,Friday,October,4,2013,AA,Week Ahead: Standoff in Congress and FOMC Minutes,Fox Business,http://us.rd.yahoo.com/finance/external/xfoxbusiness/SIG=134jmorva/*http://www.foxbusiness.com/government/2013/10/04/week-ahead-standoff-in-congress-and-fomc-minutes/
20131004,Friday,October,4,2013,AA,[video] The Week Ahead: Earnings Season,TheStreet,http://us.rd.yahoo.com/finance/external/video/tsmfe/SIG=12makluu5/*http://www.thestreet.com/_yahoo/story/12059502/1/the-week-ahead-earnings-season.html?cm_ven=YAHOOV&cm_cat=FREE&cm_ite=NA
20131004,Friday,October,4,2013,AA,"Global Week Ahead (Oct. 5-12) U.S. Shutdown, Fed, MLB (Audio)",Bloomberg,http://us.rd.yahoo.com/finance/external/bloomberg/SIG=13636kd89/*http://www.bloomberg.com/news/2013-10-04/global-week-ahead-oct-5-12-u-s-shutdown-fed-mlb-audio-.html?cmpid=yhoo
20131004,Friday,October,4,2013,AA,Earnings Expected to Increase for Alcoa,Forbes,http://us.rd.yahoo.com/finance/external/forbes/SIG=132qc7avq/*http://www.forbes.com/sites/narrativescience/2013/10/04/earnings-expected-to-increase-for-alcoa/?partner=yahootix
20131004,Friday,October,4,2013,AA,[video] How to Play Alcoa,Bloomberg,http://us.rd.yahoo.com/finance/external/video/bloomberg/SIG=12e3jdnhj/*http://www.bloomberg.com/video/how-to-play-alcoa-ukpNBAsJTpOln7ofAm5n%7Eg.html?cmpid=yhoo
20131004,Friday,October,4,2013,AA,[video] Jim Cramer Quick Take: What to Watch With Alcoa,TheStreet,http://us.rd.yahoo.com/finance/external/video/tsmfe/SIG=139qk8o3b/*http://www.thestreet.com/story/12059279/1/91video93-jim-cramer-quick-take-what-to-watch-with-alcoa.html?puc=yahoo&cm_ven=YAHOO
20131004,Friday,October,4,2013,AA,Earnings schedule for the week of 10/07/2013,AP,http://finance.yahoo.com/news/earnings-schedule-week-10-07-101147344.html
20131004,Friday,October,4,2013,AA,[video] What to Watch with Alcoa,TheStreet,http://us.rd.yahoo.com/finance/external/video/tsmfe/SIG=12g4ho8d0/*http://www.thestreet.com/_yahoo/story/12058256/1/what-to-watch-with-alcoa.html?cm_ven=YAHOOV&cm_cat=FREE&cm_ite=NA
20131004,Friday,October,4,2013,AA,Pig Sales Fly Blind as Data Cut by Shutdown Hampers Firms,Bloomberg,http://us.rd.yahoo.com/finance/external/bloomberg/SIG=13944qr5d/*http://www.bloomberg.com/news/2013-10-04/pig-sales-fly-blind-as-data-cut-by-shutdown-hampers-firms.html?cmpid=yhoo
20131003,Thursday,October,3,2013,AA,The October Rally,Zacks,http://finance.yahoo.com/news/october-rally-164145729.html
20131003,Thursday,October,3,2013,AA,"Dow Picked Goldman Sachs, but Investors Should Pass",TheStreet,http://us.rd.yahoo.com/finance/external/tsmfe/SIG=1324n3s0g/*http://www.thestreet.com/story/12057119/1/dow-picked-goldman-sachs-but-investor-should-pass.html?puc=yahoo&cm_ven=YAHOO
20131003,Thursday,October,3,2013,AA,Alcoa - Lower Aluminum Prices Do Not Bode Well For Third Quarter Earnings,Seeking Alpha,http://us.rd.yahoo.com/finance/external/pssa/SIG=13hgggknh/*http://seekingalpha.com/article/1726632-alcoa-lower-aluminum-prices-do-not-bode-well-for-third-quarter-earnings?source=yahoo
20131002,Wednesday,October,2,2013,AA,[video] Alcoa CEO on the debt ceiling,CNNMoney.com,http://us.rd.yahoo.com/finance/external/video/cnnm/SIG=12i7406d2/*http://money.cnn.com/video/news/2013/10/02/n-alcoa-ceo-debt-ceiling-dow.cnnmoney
20131002,Wednesday,October,2,2013,AA,Wall Street ends lower on worries of prolonged shutdown,Reuters,http://finance.yahoo.com/news/wall-street-opens-lower-shutdown-133456666.html
20131002,Wednesday,October,2,2013,AA,US STOCKS-Wall St ends lower on worries of prolonged shutdown,Reuters,http://finance.yahoo.com/news/us-stocks-wall-st-ends-205246212.html
20131002,Wednesday,October,2,2013,AA,Alcoa's $1.2 Billion Drag: Analyst Makes Case For Breakup,Forbes,http://us.rd.yahoo.com/finance/external/forbes/SIG=13enumjea/*http://www.forbes.com/sites/maggiemcgrath/2013/10/02/alcoas-1-2-billion-drag-analyst-makes-case-for-breakup/?partner=yahootix
20131002,Wednesday,October,2,2013,AA,Why Alcoa Doesn't Seem So Shiny,Motley Fool,http://us.rd.yahoo.com/finance/external/mfool/SIG=12ma9svtc/*http://www.fool.com/investing/general/2013/10/02/why-alcoa-doesnt-seem-so-shiny.aspx?source=eogyholnk0000001
20131002,Wednesday,October,2,2013,AA,[video] Dicker: Trading the Shutdown,TheStreet,http://us.rd.yahoo.com/finance/external/video/tsmfe/SIG=12mjkcu1m/*http://www.thestreet.com/story/12056677/1/91video93-dicker-trading-the-shutdown.html?puc=yahoo&cm_ven=YAHOO
20131002,Wednesday,October,2,2013,AA,[video] Trading the Shutdown,TheStreet,http://us.rd.yahoo.com/finance/external/video/tsmfe/SIG=12cdgii9t/*http://www.thestreet.com/_yahoo/story/12056692/1/trading-the-shutdown.html?cm_ven=YAHOOV&cm_cat=FREE&cm_ite=NA
20131002,Wednesday,October,2,2013,AA,Alcoa Stumbles After Deutsche Bank Downgrade and 2 Other Hot Stocks to Watch,Wall St. Cheat Sheet,http://us.rd.yahoo.com/finance/external/xwscheats/SIG=13n9rtnfk/*http://wallstcheatsheet.com/stocks/alcoa-stumbles-after-deutsche-bank-downgrade-and-2-other-hot-stocks-to-watch.html/?ref=YF
20131002,Wednesday,October,2,2013,AA,"US STOCKS-Wall St falls on jobs data, Day 2 of government shutdown",Reuters,http://finance.yahoo.com/news/us-stocks-wall-st-falls-160841175.html
20131002,Wednesday,October,2,2013,AA,Alcoa shares slip on worries about aluminum prices,AP,http://finance.yahoo.com/news/alcoa-shares-slip-worries-aluminum-151131562.html
20131002,Wednesday,October,2,2013,AA,"Apple iPad Mini Retina May See Delay, Rio Tinto Nears Mine Sale, and 3 More Hot Stocks",Wall St. Cheat Sheet,http://us.rd.yahoo.com/finance/external/xwscheats/SIG=13vsrcflg/*http://wallstcheatsheet.com/stocks/apple-ipad-mini-retina-may-see-delay-rio-tinto-nears-mine-sale-and-3-more-hot-stocks.html/?ref=YF
20131002,Wednesday,October,2,2013,AA,"Deutsche Bank cuts Alcoa to Sell, raises Barrick to Buy",theflyonthewall.com,http://us.rd.yahoo.com/finance/external/theflyonthewall/SIG=14dpsl1hc/*http://www.theflyonthewall.com/permalinks/entry.php/AA;ABX;SSRIid1895173/AA;ABX;SSRI-Deutsche-Bank-cuts-Alcoa-to-Sell-raises-Barrick-to-Buy
20131002,Wednesday,October,2,2013,AA,Alcoa Drops 3% as Deutsche Bank Says Sell,Barrons.com,http://us.rd.yahoo.com/finance/external/barrons/SIG=132p7ffdm/*http://blogs.barrons.com/stockstowatchtoday/2013/10/02/alcoa-drops-3-as-deutsche-bank-says-sell/?mod=yahoobarrons
20131002,Wednesday,October,2,2013,AA,"Private Payrolls Added Fewer Jobs In September, Stocks Take A Dive",Forbes,http://us.rd.yahoo.com/finance/external/forbes/SIG=13d9k1o8c/*http://www.forbes.com/sites/maggiemcgrath/2013/10/02/adp-payroll-report-u-s-added-fewer-jobs-than-expected/?partner=yahootix
20131002,Wednesday,October,2,2013,AA,Alcoa Earnings Preview: A Deep Value Stock With Continued Pressure On Estimates,Seeking Alpha,http://us.rd.yahoo.com/finance/external/pssa/SIG=13oq7oej9/*http://seekingalpha.com/article/1724942-alcoa-earnings-preview-a-deep-value-stock-with-continued-pressure-on-estimates?source=yahoo
20131002,Wednesday,October,2,2013,AA,Analysts' Actions: AA BAX HOLX STX TSLA,TheStreet,http://finance.yahoo.com/news/analysts-actions-aa-bax-holx-123600191.html
20131002,Wednesday,October,2,2013,AA,"Top Analyst Upgrades and Downgrades: Alcoa, Baidu, GE, Tesla, Valero and More",24/7 Wall St.,http://finance.yahoo.com/news/top-analyst-upgrades-downgrades-alcoa-123511647.html
20131002,Wednesday,October,2,2013,AA,[video] Buyers Shutdown With DC,TheStreet,http://us.rd.yahoo.com/finance/external/video/tsmfe/SIG=12f2bpjh0/*http://www.thestreet.com/_yahoo/story/12055977/1/buyers-shutdown-with-dc.html?cm_ven=YAHOOV&cm_cat=FREE&cm_ite=NA
20131002,Wednesday,October,2,2013,AA,Alcoa downgraded by Deutsche Bank,Briefing.com,http://finance.yahoo.com/q/ud?s=AA
20131002,Wednesday,October,2,2013,AA,U.S. Stock-Index Futures Fall on Second Day of Shutdown,Bloomberg,http://us.rd.yahoo.com/finance/external/bloomberg/SIG=136c582h5/*http://www.bloomberg.com/news/2013-10-02/u-s-stock-index-futures-fall-on-second-day-of-shutdown.html?cmpid=yhoo
20131001,Tuesday,October,1,2013,AA,2 Landmark Industrial Origins and the Creation of the Debt Ceiling,Motley Fool,http://us.rd.yahoo.com/finance/external/mfool/SIG=13908u1i7/*http://www.fool.com/investing/general/2013/10/01/2-landmark-industrial-origins-and-the-creation-of.aspx?source=eogyholnk0000001
20131001,Tuesday,October,1,2013,AA,Alcoa to Host Webcast of Third Quarter 2013 Results,Business Wire,http://finance.yahoo.com/news/alcoa-host-webcast-third-quarter-130000837.html
20130930,Monday,September,30,2013,AA,[video] Inside Alcoa's largest U.S. factory,CNNMoney.com,http://us.rd.yahoo.com/finance/external/video/cnnm/SIG=12mkt1go6/*http://money.cnn.com/video/technology/2013/09/30/t-alcoa-airbus-a380-boeing.cnnmoney
20130930,Monday,September,30,2013,AA,At the Close: Stocks Sink on Shutdown Fears; J.C. Penney Touches 30-Year Low,Barrons.com,http://us.rd.yahoo.com/finance/external/barrons/SIG=1434ou9dv/*http://blogs.barrons.com/stockstowatchtoday/2013/09/30/at-the-close-stocks-sink-on-shutdown-fears-j-c-penney-touches-30-year-low/?mod=yahoobarrons
20130930,Monday,September,30,2013,AA,Interesting October Stock Options for Alcoa,Forbes,http://us.rd.yahoo.com/finance/external/forbes/SIG=139srtgns/*http://www.forbes.com/sites/stockoptionschannel/2013/09/30/interesting-october-stock-options-for-alcoa/?partner=yahootix
20130930,Monday,September,30,2013,AA,Alcoa Foundation Announces US$1.25 Million Global Internship Program for Unemployed Youth,Business Wire,http://finance.yahoo.com/news/alcoa-foundation-announces-us-1-140000657.html
20130928,Saturday,September,28,2013,AA,[$$] Nightmare on the Potomac,Barrons.com,http://us.rd.yahoo.com/finance/external/barrons/SIG=12k92gm13/*http://online.barrons.com/article/SB50001424053111903533504579093413208708736.html?ru=yahoo&mod=yahoobarrons
20130926,Thursday,September,26,2013,AA,President Obama Taps Alcoas Kleinfeld to Help Advance US Manufacturing,Business Wire,http://finance.yahoo.com/news/president-obama-taps-alcoa-kleinfeld-210400627.html
20130926,Thursday,September,26,2013,AA,"Hands-Off Alcoa: Great Company, Ugly Valuation",Seeking Alpha,http://us.rd.yahoo.com/finance/external/pssa/SIG=12m1qne55/*http://seekingalpha.com/article/1715912-hands-off-alcoa-great-company-ugly-valuation?source=yahoo
20130926,Thursday,September,26,2013,AA,Alcoa Keeping Quarterly Dividend Steady,Motley Fool,http://us.rd.yahoo.com/finance/external/mfool/SIG=12vs4466p/*http://www.fool.com/investing/general/2013/09/26/alcoa-keeping-quarterly-dividend-steady.aspx?source=eogyholnk0000001
20130926,Thursday,September,26,2013,AA,Alcoa Board Approves Quarterly Dividends,Business Wire,http://finance.yahoo.com/news/alcoa-board-approves-quarterly-dividends-154300385.html
20130926,Thursday,September,26,2013,AA,Alcoa launches fight-back for dam property rights,AP,http://finance.yahoo.com/news/alcoa-launches-fight-back-dam-135450552.html
20130926,Thursday,September,26,2013,AA,"SORRY, ALCOA: A New Company Will Be Kicking Off Earnings Season Today",Business Insider,http://finance.yahoo.com/news/sorry-alcoa-company-kicking-off-102054915.html
20130925,Wednesday,September,25,2013,AA,[video] Are you diversified? Cramer's Call!,CNBC,http://us.rd.yahoo.com/finance/external/video/cnbc/SIG=110mfa5qs/*http://video.cnbc.com/gallery/?video=3000202094&__source=yahoo%7Cheadline%7Cquote%7Cvideo%7C&par=yahoo
20130925,Wednesday,September,25,2013,AA,"SORRY, ALCOA: A New Company Will Be Kicking Off Earnings Season On Thursday",Business Insider,http://finance.yahoo.com/news/sorry-alcoa-company-kicking-off-221705316.html
20130925,Wednesday,September,25,2013,AA,Titan Of Aluminum Industry Poised For Growth,Seeking Alpha,http://us.rd.yahoo.com/finance/external/pssa/SIG=12maipsfl/*http://seekingalpha.com/article/1713482-titan-of-aluminum-industry-poised-for-growth?source=yahoo
20130924,Tuesday,September,24,2013,AA,Alcoa Recognized for Breakthrough Technology,Zacks,http://finance.yahoo.com/news/alcoa-recognized-breakthrough-technology-182004127.html
20130924,Tuesday,September,24,2013,AA,McDonalds Goes After Starbucks With Pumpkin Lattes and 2 Other Dow Movers to Watch,Wall St. Cheat Sheet,http://us.rd.yahoo.com/finance/external/xwscheats/SIG=13tuiun02/*http://wallstcheatsheet.com/stocks/mcdonalds-goes-after-starbucks-with-pumpkin-lattes-and-2-other-dow-movers-to-watch.html/?ref=YF
20130924,Tuesday,September,24,2013,AA,The New Earnings Pacesetter Is,The Wall Street Journal,http://us.rd.yahoo.com/finance/external/wsj/SIG=12bk7beur/*http://blogs.wsj.com/moneybeat/2013/09/24/the-new-earnings-pacesetter-is/?mod=yahoo_hs
20130923,Monday,September,23,2013,AA,Will Nike jump the gun to be the new start of earnings season?,MarketWatch,http://us.rd.yahoo.com/finance/external/cbsm/SIG=11iiumket/*http://www.marketwatch.com/News/Story/Story.aspx?guid=31604424-C2D4-D575-4454-C4C422D25D65&siteid=yhoof2
20130923,Monday,September,23,2013,AA,"Goldman, Nike, Visa Ding Dow in Debut",The Wall Street Journal,http://us.rd.yahoo.com/finance/external/wsj/SIG=13fvv4bi2/*http://blogs.wsj.com/moneybeat/2013/09/23/goldman-nike-visa-ding-dow-industrials-on-first-day-in-the-average/?mod=yahoo_hs
20130923,Monday,September,23,2013,AA,[video] Bull market going higher: Pro,CNBC,http://us.rd.yahoo.com/finance/external/video/cnbc/SIG=110mfa5qs/*http://video.cnbc.com/gallery/?video=3000201434&__source=yahoo%7Cheadline%7Cquote%7Cvideo%7C&par=yahoo
20130923,Monday,September,23,2013,AA,"Dow 30 says hello to Goldman, Nike and Visa; farewell, Alcoa, B. of A., Hewlett",MarketWatch,http://us.rd.yahoo.com/finance/external/cbsm/SIG=11iiumket/*http://www.marketwatch.com/News/Story/Story.aspx?guid=31604424-C2D4-D575-4454-C4C422D25CCE&siteid=yhoof2
20130923,Monday,September,23,2013,AA,New vs. Old on DJIA 30,24/7 Wall St.,http://finance.yahoo.com/news/vs-old-djia-30-160056707.html
20130923,Monday,September,23,2013,AA,Alcoas Breakthrough Automotive Bonding Technology Named Aluminum Industrys Best,Business Wire,http://finance.yahoo.com/news/alcoa-breakthrough-automotive-bonding-technology-155300207.html
20130923,Monday,September,23,2013,AA,"Dow Changes Costing Investors as Goldman Sachs, Visa Fall",Barrons.com,http://us.rd.yahoo.com/finance/external/barrons/SIG=13ilg05e2/*http://blogs.barrons.com/stockstowatchtoday/2013/09/23/dow-changes-costing-investors-as-goldman-sachs-visa-fall/?mod=yahoobarrons
20130923,Monday,September,23,2013,AA,[video] Big changes begin in the Dow,CNBC,http://us.rd.yahoo.com/finance/external/video/cnbc/SIG=110mfa5qs/*http://video.cnbc.com/gallery/?video=3000201521&__source=yahoo%7Cheadline%7Cquote%7Cvideo%7C&par=yahoo
20130923,Monday,September,23,2013,AA,[video] Monday's market roadmap,CNBC,http://us.rd.yahoo.com/finance/external/video/cnbc/SIG=110mfa5qs/*http://video.cnbc.com/gallery/?video=3000201424&__source=yahoo%7Cheadline%7Cquote%7Cvideo%7C&par=yahoo
20130923,Monday,September,23,2013,AA,Stock futures mixed; Apple helps tech,MarketWatch,http://us.rd.yahoo.com/finance/external/cbsm/SIG=11iiumket/*http://www.marketwatch.com/News/Story/Story.aspx?guid=67B37312-242E-11E3-A304-002128049AD6&siteid=yhoof2
20130920,Friday,September,20,2013,AA,"Stocks Fall as Investors Realize What the ""No Taper"" Decision Really Means",Motley Fool,http://us.rd.yahoo.com/finance/external/mfool/SIG=13avcv249/*http://www.fool.com/investing/general/2013/09/20/stocks-fall-as-investors-realize-what-the-no-taper.aspx?source=eogyholnk0000001
20130920,Friday,September,20,2013,AA,Why Fed Second-Guessing Is Hurting the Dow,Motley Fool,http://us.rd.yahoo.com/finance/external/mfool/SIG=132b2j2qf/*http://www.fool.com/investing/general/2013/09/20/why-fed-second-guessing-is-hurting-the-dow.aspx?source=eogyholnk0000001
20130920,Friday,September,20,2013,AA,Rusal Exec: World Aluminum Supply Needs 40% Cut,24/7 Wall St.,http://finance.yahoo.com/news/rusal-exec-world-aluminum-supply-123036994.html
20130920,Friday,September,20,2013,AA,The Stocks That Will Have to Drive the Market Higher,24/7 Wall St.,http://finance.yahoo.com/news/stocks-drive-market-higher-102847737.html
20130919,Thursday,September,19,2013,AA,Alcoa's Preferred Stock Yield Pushes Past 5%,Forbes,http://us.rd.yahoo.com/finance/external/forbes/SIG=1346fpicb/*http://www.forbes.com/sites/dividendchannel/2013/09/19/alcoas-preferred-stock-yield-pushes-past-5/?partner=yahootix
20130918,Wednesday,September,18,2013,AA,Why Did These Dow Stocks Jump the Most Today?,Motley Fool,http://us.rd.yahoo.com/finance/external/mfool/SIG=134fstv5a/*http://www.fool.com/investing/general/2013/09/18/why-did-these-dow-stocks-jump-the-most-today.aspx?source=eogyholnk0000001
20130918,Wednesday,September,18,2013,AA,All-Time High: Why the Dow Spiked 147 Points Today,Motley Fool,http://us.rd.yahoo.com/finance/external/mfool/SIG=139juj18f/*http://www.fool.com/investing/general/2013/09/18/all-time-high-why-the-dow-spiked-147-points-today.aspx?source=eogyholnk0000001
20130918,Wednesday,September,18,2013,AA,Dow Jumps on Fed Announcement,Motley Fool,http://us.rd.yahoo.com/finance/external/mfool/SIG=12md3fsui/*http://www.fool.com/investing/general/2013/09/18/dow-spikes-on-fed-announcement.aspx?source=eogyholnk0000001
20130918,Wednesday,September,18,2013,AA,Alcoa (AA) Shares Cross Above 200 DMA,Forbes,http://us.rd.yahoo.com/finance/external/forbes/SIG=130pqrngu/*http://www.forbes.com/sites/energystockchannel/2013/09/18/alcoa-aa-shares-cross-above-200-dma/?partner=yahootix
20130918,Wednesday,September,18,2013,AA,"S&P 500, Dow Hit Record Highs as Tapering Tabled For Now",Barrons.com,http://us.rd.yahoo.com/finance/external/barrons/SIG=13go3g7ta/*http://blogs.barrons.com/stockstowatchtoday/2013/09/18/sp-500-dow-hit-record-highs-as-tapering-tabled-for-now/?mod=yahoobarrons
20130917,Tuesday,September,17,2013,AA,These 3 Surprising Stocks Pumped Up the Dow Today,Motley Fool,http://us.rd.yahoo.com/finance/external/mfool/SIG=139ikrohf/*http://www.fool.com/investing/general/2013/09/17/these-3-surprising-stocks-pumped-up-the-dow-today.aspx?source=eogyholnk0000001
20130917,Tuesday,September,17,2013,AA,A Hopeful Dow Posts 3rd Straight Gain Before Fed Meeting,Motley Fool,http://us.rd.yahoo.com/finance/external/mfool/SIG=13a9t8bp8/*http://www.fool.com/investing/general/2013/09/17/a-hopeful-dow-posts-3rd-straight-gain-before-fed-m.aspx?source=eogyholnk0000001
20130917,Tuesday,September,17,2013,AA,Microsoft's $40 Billion Bet,Motley Fool,http://us.rd.yahoo.com/finance/external/mfool/SIG=12hdoopn7/*http://www.fool.com/investing/general/2013/09/17/microsofts-40-billion-bet.aspx?source=eogyholnk0000001
20130917,Tuesday,September,17,2013,AA,[$$] Alcoa's Hometown Footprint Is Shrinking,The Wall Street Journal,http://us.rd.yahoo.com/finance/external/wsj/SIG=12gjc8dus/*http://online.wsj.com/article/SB10001424127887323864604579069332951856774.html?ru=yahoo?mod=yahoo_itp
20130916,Monday,September,16,2013,AA,"One Put, One Call, To Know About for Alcoa",Forbes,http://us.rd.yahoo.com/finance/external/forbes/SIG=136inpa4a/*http://www.forbes.com/sites/stockoptionschannel/2013/09/16/one-put-one-call-to-know-about-for-alcoa/?partner=yahootix
20130916,Monday,September,16,2013,AA,January 2016 Options Now Available For Alcoa (AA),Forbes,http://us.rd.yahoo.com/finance/external/forbes/SIG=13dqht11k/*http://www.forbes.com/sites/stockoptionschannel/2013/09/16/january-2016-options-now-available-for-alcoa-aa/?partner=yahootix
20130916,Monday,September,16,2013,AA,"The Zacks Analyst Blog Highlights: Hewlett-Packard, IBM, Apple, Bank of America and Alcoa",Zacks,http://finance.yahoo.com/news/zacks-analyst-blog-highlights-hewlett-114330728.html
20130916,Monday,September,16,2013,AA,"Adobe Systems, FedEx, Oracle Alcoa and are part of Zacks Earnings Preview:",Zacks,http://finance.yahoo.com/news/adobe-systems-fedex-oracle-alcoa-113849673.html
20130915,Sunday,September,15,2013,AA,Dow trades out three companies from index,Motley Fool,http://us.rd.yahoo.com/finance/external/mfool/SIG=12efhs0fr/*http://www.fool.com.au/2013/09/16/dow-trades-out-three-companies-from-index/?source=aptyholnk3030003
20130915,Sunday,September,15,2013,AA,This Could Be the Real Reason Bank of America Was Ousted From the Dow,Motley Fool,http://us.rd.yahoo.com/finance/external/mfool/SIG=139mtjeju/*http://www.fool.com/investing/general/2013/09/15/this-could-be-the-real-reason-bank-of-america-was.aspx?source=eogyholnk0000001
20130914,Saturday,September,14,2013,AA,[$$] Review,Barrons.com,http://us.rd.yahoo.com/finance/external/barrons/SIG=12kpct4h3/*http://online.barrons.com/article/SB50001424052748704287804579038990234835218.html?ru=yahoo&mod=yahoobarrons
20130914,Saturday,September,14,2013,AA,[$$] Review,Barrons.com,http://us.rd.yahoo.com/finance/external/barrons/SIG=12k2kgpdj/*http://online.barrons.com/article/SB50001424052748704293904579074133440387584.html?ru=yahoo&mod=yahoobarrons
20130913,Friday,September,13,2013,AA,"Dow Adds 75 Points, Fueled by Intel Stock Rally",Motley Fool,http://us.rd.yahoo.com/finance/external/mfool/SIG=136j4avbs/*http://www.fool.com/investing/general/2013/09/13/dow-adds-75-points-fueled-by-intel-stock-rally.aspx?source=eogyholnk0000001
20130913,Friday,September,13,2013,AA,London Metal Exchange Critics Push for Transparency,The Wall Street Journal,http://us.rd.yahoo.com/finance/external/wsj/SIG=130469mt0/*http://blogs.wsj.com/moneybeat/2013/09/13/london-metal-exchange-critics-push-for-transparency/?mod=yahoo_hs
20130913,Friday,September,13,2013,AA,Is the Dow Making a Mistake in Giving Alcoa the Boot?,Motley Fool,http://us.rd.yahoo.com/finance/external/mfool/SIG=13ac8ad3e/*http://www.fool.com/investing/general/2013/09/13/is-the-dow-making-a-mistake-in-giving-alcoa-the-bo.aspx?source=eogyholnk0000001
20130913,Friday,September,13,2013,AA,Why These Dow Stocks Are Falling Behind Today,Motley Fool,http://us.rd.yahoo.com/finance/external/mfool/SIG=135vui8ou/*http://www.fool.com/investing/general/2013/09/13/why-these-dow-stocks-are-falling-behind-today.aspx?source=eogyholnk0000001
20130913,Friday,September,13,2013,AA,"Squawking Twitter IPO, Hank Paulson, & BBQ squirrel",CNBC,"http://us.rd.yahoo.com/finance/external/cnbc/SIG=112qt50ka/*http://www.cnbc.com/id/101030098?__source=yahoo%7Cfinance%7Cheadline%7Cheadline%7Cstory&par=yahoo&doc=101030098%7CSquawking+Twitter+IPO,+Ha"
20130912,Thursday,September,12,2013,AA,"Out With A Whimper - Alcoa, HP, Bank Of America And The DJIA",Forbes,http://us.rd.yahoo.com/finance/external/forbes/SIG=135521k90/*http://www.forbes.com/sites/adamhartung/2013/09/12/out-with-a-whimper-alcoa-hp-b-of-a-and-the-djia/?partner=yahootix
20130912,Thursday,September,12,2013,AA,"Without Alcoa, How Representative Is The Dow?",Seeking Alpha,http://us.rd.yahoo.com/finance/external/pssa/SIG=12l0utvus/*http://seekingalpha.com/article/1691212-without-alcoa-how-representative-is-the-dow?source=yahoo
20130912,Thursday,September,12,2013,AA,"Only Eleven Dow Components With Recent Insider Buying, AA is One of Them",Forbes,http://us.rd.yahoo.com/finance/external/forbes/SIG=141q6kog7/*http://www.forbes.com/sites/dividendchannel/2013/09/12/only-eleven-dow-components-with-recent-insider-buying-aa-is-one-of-them/?partner=yahootix
20130912,Thursday,September,12,2013,AA,"Dow Today: Wal-Mart Stores (WMT) Leads The Day Higher, Alcoa (AA) Lags",TheStreet,http://us.rd.yahoo.com/finance/external/tsmfe/SIG=13hfv24lm/*http://www.thestreet.com/story/12035234/1/dow-today-wal-mart-stores-wmt-leads-the-day-higher-alcoa-aa-lags.html?puc=yahoo&cm_ven=YAHOO
20130912,Thursday,September,12,2013,AA,Alcoa Recognized as Aluminum Industry Sustainability Leader; Named to Dow Jones Sustainability Indexes for Twelfth Consecutive Year,Business Wire,http://finance.yahoo.com/news/alcoa-recognized-aluminum-industry-sustainability-124400634.html
20130911,Wednesday,September,11,2013,AA,[$$] Alcoa Criticizes LME Warehouse Rule Overhaul,The Wall Street Journal,http://us.rd.yahoo.com/finance/external/wsj/SIG=12gh0pcmu/*http://online.wsj.com/article/SB10001424127887323864604579069310930004536.html?ru=yahoo?mod=yahoo_itp
20130911,Wednesday,September,11,2013,AA,Why Berkshire Hathaway Will Never Join the Dow,Motley Fool,http://us.rd.yahoo.com/finance/external/mfool/SIG=136217te9/*http://www.fool.com/investing/general/2013/09/11/why-berkshire-hathaway-will-never-join-the-dow.aspx?source=eogyholnk0000001
20130911,Wednesday,September,11,2013,AA,These 3 Stocks Pushed the Dow to Its 3rd Straight Big Win,Motley Fool,http://us.rd.yahoo.com/finance/external/mfool/SIG=139k6i6pt/*http://www.fool.com/investing/general/2013/09/11/these-3-stocks-pushed-the-dow-to-its-3rd-straight.aspx?source=eogyholnk0000001
20130911,Wednesday,September,11,2013,AA,"What's Behind the Dow's 400-Point, 3-Day Rally",Motley Fool,http://us.rd.yahoo.com/finance/external/mfool/SIG=1338rr5pn/*http://www.fool.com/investing/general/2013/09/11/whats-behind-the-dows-400-point-3-day-rally.aspx?source=eogyholnk0000001
20130911,Wednesday,September,11,2013,AA,Dow Jones Shuffle: 3 New Players On The Team,TheStreet,http://us.rd.yahoo.com/finance/external/tsmfe/SIG=12sf2qg7o/*http://www.thestreet.com/story/12034514/1/dow-jones-shuffle-3-new-players-on-the-team.html?puc=yahoo&cm_ven=YAHOO
20130911,Wednesday,September,11,2013,AA,Dell Prices Its $5.5 Billion Buyout Loan and 2 More Heavily Traded Stocks to Follow,Wall St. Cheat Sheet,http://us.rd.yahoo.com/finance/external/xwscheats/SIG=13tn7ijco/*http://wallstcheatsheet.com/stocks/dell-prices-its-5-5-billion-buyout-loan-and-2-more-heavily-traded-stocks-to-follow.html/?ref=YF
20130911,Wednesday,September,11,2013,AA,Why Did It Take So Long To Add Visa To The Dow?,Seeking Alpha,http://us.rd.yahoo.com/finance/external/pssa/SIG=12ollhg9b/*http://seekingalpha.com/article/1688382-why-did-it-take-so-long-to-add-visa-to-the-dow?source=yahoo
20130911,Wednesday,September,11,2013,AA,"Alcoa criticizes LME proposals for warehouse rule overhaul, WSJ says",theflyonthewall.com,http://finance.yahoo.com/news/alcoa-criticizes-lme-proposals-warehouse-192912624.html
20130911,Wednesday,September,11,2013,AA,Alcoa Urges LME to Improve Transparency for Clear Aluminum Price-Setting and to Enable Premium Hedging for Price Risk Management,Business Wire,http://finance.yahoo.com/news/alcoa-urges-lme-improve-transparency-192500194.html
20130911,Wednesday,September,11,2013,AA,Alcoa Says LME Proposed Warehouse Rules Will Damage Industry,Bloomberg,http://us.rd.yahoo.com/finance/external/bloomberg/SIG=13cig6a1a/*http://www.bloomberg.com/news/2013-09-11/alcoa-says-lme-proposed-warehouse-rules-will-damage-industry.html?cmpid=yhoo
20130911,Wednesday,September,11,2013,AA,This Aluminum Producer Could Be Worth the Risk,Motley Fool,http://us.rd.yahoo.com/finance/external/mfool/SIG=1368dpp5e/*http://www.fool.com/investing/general/2013/09/10/this-aluminum-producer-could-be-worth-the-risk.aspx?source=eogyholnk0000001
20130911,Wednesday,September,11,2013,AA,Why The Dow Is An Imprecise Measure Of The Market,Seeking Alpha,http://us.rd.yahoo.com/finance/external/pssa/SIG=12relul50/*http://seekingalpha.com/article/1687312-why-the-dow-is-an-imprecise-measure-of-the-market?source=yahoo
20130911,Wednesday,September,11,2013,AA,The Dow Jones Industrial Average Loses Diversification,Motley Fool,http://us.rd.yahoo.com/finance/external/mfool/SIG=13a4cnq7i/*http://www.fool.com/investing/general/2013/09/11/the-dow-jones-industrial-average-loses-diversifica.aspx?source=eogyholnk0000001
20130911,Wednesday,September,11,2013,AA,"IBM Grip Loosened in Dow Average With Visa, Goldman Added",Bloomberg,http://us.rd.yahoo.com/finance/external/bloomberg/SIG=13eih3g54/*http://www.bloomberg.com/news/2013-09-11/ibm-grip-loosened-in-dow-average-with-visa-goldman-sachs-added.html?cmpid=yhoo
20130911,Wednesday,September,11,2013,AA,Aluminum: A Shining Opportunity For Value Investors,Seeking Alpha,http://us.rd.yahoo.com/finance/external/pssa/SIG=12st56dfc/*http://seekingalpha.com/article/1686752-aluminum-a-shining-opportunity-for-value-investors?source=yahoo
20130911,Wednesday,September,11,2013,AA,5 gut checks before the stock market's opening bell,MarketWatch,http://us.rd.yahoo.com/finance/external/cbsm/SIG=11iiumket/*http://www.marketwatch.com/News/Story/Story.aspx?guid=31403424-C2D4-D574-E544-B422D15F43E8&siteid=yhoof2
20130911,Wednesday,September,11,2013,AA,"Stock Market News for September 11, 2013",Zacks,http://finance.yahoo.com/news/stock-market-news-september-11-130745454.html
20130911,Wednesday,September,11,2013,AA,[video] DJIA Changes an Effort to Be More Relevant: McKee,Bloomberg,http://us.rd.yahoo.com/finance/external/video/bloomberg/SIG=13db69jic/*http://www.bloomberg.com/video/djia-changes-an-effort-to-be-more-relevant-mckee-BaH4URhKRTKPaTLzMCjlQA.html?cmpid=yhoo
20130911,Wednesday,September,11,2013,AA,'Fast Money' Recap: Market Concerns,TheStreet,http://us.rd.yahoo.com/finance/external/tsmfe/SIG=12hsdb715/*http://www.thestreet.com/story/12031080/1/fast-money-recap-market-concerns.html?puc=yahoo&cm_ven=YAHOO
20130911,Wednesday,September,11,2013,AA,Nike in Dow Shows Marketing Genius as Much as Innovation,Bloomberg,http://us.rd.yahoo.com/finance/external/bloomberg/SIG=138o7ce94/*http://www.bloomberg.com/news/2013-09-11/nike-in-dow-shows-marketing-genius-as-much-as-innovation.html?cmpid=yhoo
20130910,Tuesday,September,10,2013,AA,Why These 4 Stocks Were the Dow's Only Losers,Motley Fool,http://us.rd.yahoo.com/finance/external/mfool/SIG=1345aae0e/*http://www.fool.com/investing/general/2013/09/10/why-these-4-stocks-were-the-dows-only-losers.aspx?source=eogyholnk0000001
20130910,Tuesday,September,10,2013,AA,Why the Dow is getting a makeover,AP,http://finance.yahoo.com/news/why-dow-getting-makeover-183950746.html
20130910,Tuesday,September,10,2013,AA,"Dow Boots 3 Stocks, Surges 127 Points",Motley Fool,http://us.rd.yahoo.com/finance/external/mfool/SIG=12sflil4g/*http://www.fool.com/investing/general/2013/09/10/dow-boots-3-stocks-surges-127-points.aspx?source=eogyholnk0000001
20130910,Tuesday,September,10,2013,AA,Major Dow changes speak volumes to Cramer,CNBC,http://us.rd.yahoo.com/finance/external/cnbc/SIG=112i4kuvv/*http://www.cnbc.com/id/101024035?__source=yahoo%7Cfinance%7Cheadline%7Cheadline%7Cstory&par=yahoo&doc=101024035%7CMajor+Dow+changes+speak+v
20130910,Tuesday,September,10,2013,AA,[video] Where corporate America stands,CNBC,http://us.rd.yahoo.com/finance/external/video/cnbc/SIG=110mfa5qs/*http://video.cnbc.com/gallery/?video=3000197989&__source=yahoo%7Cheadline%7Cquote%7Cvideo%7C&par=yahoo
20130910,Tuesday,September,10,2013,AA,"Stocks end at highs, S&P 500 posts 6-day win streak; Apple falls 2%",CNBC,"http://us.rd.yahoo.com/finance/external/cnbc/SIG=112fhsoii/*http://www.cnbc.com/id/101022439?__source=yahoo%7Cfinance%7Cheadline%7Cheadline%7Cstory&par=yahoo&doc=101022439%7CStocks+end+at+highs,+S&P+"
20130910,Tuesday,September,10,2013,AA,Stocks Close At Intraday Highs; Polaris Hits New High,Investor's Business Daily,http://us.rd.yahoo.com/finance/external/investors/SIG=12761qkd3/*http://news.investors.com/091013-670488-stocks-rise-volume-higher.htm?ven=yahoocp&src=aurlled&ven=yahoo
20130910,Tuesday,September,10,2013,AA,Financial crisis price tag nears federal deficit,CNBC,http://us.rd.yahoo.com/finance/external/cnbc/SIG=112nu1bjb/*http://www.cnbc.com/id/101024045?__source=yahoo%7Cfinance%7Cheadline%7Cheadline%7Cstory&par=yahoo&doc=101024045%7CFinancial+crisis+price+ta
20130910,Tuesday,September,10,2013,AA,[video] Speculating on the rally,CNBC,http://us.rd.yahoo.com/finance/external/video/cnbc/SIG=110mfa5qs/*http://video.cnbc.com/gallery/?video=3000197994&__source=yahoo%7Cheadline%7Cquote%7Cvideo%7C&par=yahoo
20130910,Tuesday,September,10,2013,AA,ConAgra and Southwest are big market movers,AP,http://finance.yahoo.com/news/conagra-southwest-big-market-movers-205319548.html
20130910,Tuesday,September,10,2013,AA,"Good News From China, Syria Combine To Boost Stocks",Investor's Business Daily,http://us.rd.yahoo.com/finance/external/investors/SIG=120mtoucj/*http://news.investors.com/091013-670477-stocks-volume-rise.htm?ven=yahoocp&src=aurlled&ven=yahoo
20130910,Tuesday,September,10,2013,AA,"STOCKS SURGE AGAIN, DOW JUMPS 128: Here's What You Need To Know",Business Insider,http://finance.yahoo.com/news/stocks-surge-again-dow-adds-200036882.html
20130910,Tuesday,September,10,2013,AA,[video] Why Was Nike Added to the Dow Jones Industrials?,Bloomberg,http://us.rd.yahoo.com/finance/external/video/bloomberg/SIG=13cpj42un/*http://www.bloomberg.com/video/why-was-nike-added-to-the-dow-jones-industrials-%7E5%7Ek3xaHQhq__iF5fun41A.html?cmpid=yhoo
20130910,Tuesday,September,10,2013,AA,Dow Jones index announces biggest shake-up in a decade,Reuters,http://finance.yahoo.com/news/goldman-nike-visa-join-dow-124902191.html
20130910,Tuesday,September,10,2013,AA,What A Changing Dow Means For Investors,StreetAuthority Network,http://finance.yahoo.com/news/changing-dow-means-investors-193000408.html
20130910,Tuesday,September,10,2013,AA,[video] Shakeup in the Dow,CNBC,http://us.rd.yahoo.com/finance/external/video/cnbc/SIG=110mfa5qs/*http://video.cnbc.com/gallery/?video=3000198119&__source=yahoo%7Cheadline%7Cquote%7Cvideo%7C&par=yahoo
20130910,Tuesday,September,10,2013,AA,"Goodbye, Dow Oldies: Why Alcoa, BofA, and Hewlett-Packard Got the Boot",Wall St. Cheat Sheet,http://us.rd.yahoo.com/finance/external/xwscheats/SIG=13du2bdds/*http://wallstcheatsheet.com/stocks/goodbye-dow-oldies-why-alcoa-bofa-and-hewlett-packard-got-the-boot.html/?ref=YF
20130910,Tuesday,September,10,2013,AA,How Goldman Sachs will rock the Dow,CNBC,http://us.rd.yahoo.com/finance/external/cnbc/SIG=112pp9k17/*http://www.cnbc.com/id/101023131?__source=yahoo%7Cfinance%7Cheadline%7Cheadline%7Cstory&par=yahoo&doc=101023131%7CHow+Goldman+Sachs+will+ro
20130910,Tuesday,September,10,2013,AA,Stocks Rise In Higher Volume; Delta Hits New High,Investor's Business Daily,http://us.rd.yahoo.com/finance/external/investors/SIG=124f7arv1/*http://news.investors.com/091013-670472-stocks-up-volume-rises.htm?ven=yahoocp&src=aurlled&ven=yahoo
20130910,Tuesday,September,10,2013,AA,Forget The DJIA Component Shakeup; Bank Of America Keeps Rolling In The Right Direction,Seeking Alpha,http://us.rd.yahoo.com/finance/external/pssa/SIG=140db6aga/*http://seekingalpha.com/article/1684952-forget-the-djia-component-shakeup-bank-of-america-keeps-rolling-in-the-right-direction?source=yahoo
20130910,Tuesday,September,10,2013,AA,[audio] Newscast: Apple debuts new iPhones,MarketWatch,http://us.rd.yahoo.com/finance/external/cbsm/SIG=11iiumket/*http://www.marketwatch.com/News/Story/Story.aspx?guid=15B77C95-EB1F-468F-9224-F7C8FABDF264&siteid=yhoof2
20130910,Tuesday,September,10,2013,AA,[video] Dow shakeup,CNBC,http://us.rd.yahoo.com/finance/external/video/cnbc/SIG=110mfa5qs/*http://video.cnbc.com/gallery/?video=3000197322&__source=yahoo%7Cheadline%7Cquote%7Cvideo%7C&par=yahoo
20130910,Tuesday,September,10,2013,AA,HPs Exit From Dow Jones Industrial Signals Turnaround Challenge,Bloomberg,http://us.rd.yahoo.com/finance/external/bloomberg/SIG=13gitjcf9/*http://www.bloomberg.com/news/2013-09-10/hp-s-exit-from-dow-jones-industrial-signals-turnaround-challenge.html?cmpid=yhoo
20130910,Tuesday,September,10,2013,AA,[video] Quick Take: China Makes Comeback; DJIA Changes,TheStreet,http://us.rd.yahoo.com/finance/external/video/tsmfe/SIG=13736rpse/*http://www.thestreet.com/story/12032845/1/91video93-quick-take-china-makes-comeback-djia-changes.html?puc=yahoo&cm_ven=YAHOO
20130910,Tuesday,September,10,2013,AA,Major Averages Extend Gains In Higher Volume; SS&C Jumps,Investor's Business Daily,http://us.rd.yahoo.com/finance/external/investors/SIG=12ooh09gd/*http://news.investors.com/091013-670461-stocks-rise-as-china-economic-data-impress.htm?ven=yahoocp&src=aurlled&ven=yahoo
20130910,Tuesday,September,10,2013,AA,Does Goldman have a better economic pulse than BofA?,Fortune,http://us.rd.yahoo.com/finance/external/hftn/SIG=1226pln1v/*http://finance.fortune.cnn.com/2013/09/10/dow-jones-industrials/?source=yahoo_quote
20130910,Tuesday,September,10,2013,AA,What is the Dow Jones industrial average?,AP,http://finance.yahoo.com/news/dow-jones-industrial-average-155221015.html
20130910,Tuesday,September,10,2013,AA,Alcoa Responds to Being Dropped from the DJIA and 2 Other Dow Movers to Watch,Wall St. Cheat Sheet,http://us.rd.yahoo.com/finance/external/xwscheats/SIG=13o009bjb/*http://wallstcheatsheet.com/stocks/alcoa-responds-to-being-dropped-from-the-djia-and-2-other-dow-movers-to-watch.html/?ref=YF
20130910,Tuesday,September,10,2013,AA,Good News for Some Dow Components Is Bad News for Others,Motley Fool,http://us.rd.yahoo.com/finance/external/mfool/SIG=1394ug3ta/*http://www.fool.com/investing/general/2013/09/10/good-news-for-some-dow-components-is-bad-news-for.aspx?source=eogyholnk0000001
20130910,Tuesday,September,10,2013,AA,"The Dow Shuffle: 3 Stocks Lost, 3 Stocks Gained, 3 Key Takeaways",Michael Santoli,http://finance.yahoo.com/blogs/michael-santoli/three-key-takeaways-dow-index-shuffle-165755547.html
20130910,Tuesday,September,10,2013,AA,Alcoa Gets Kicked from the Dow: What Took Them So Long?,The Wall Street Journal,http://us.rd.yahoo.com/finance/external/wsj/SIG=13fdgq9bj/*http://blogs.wsj.com/corporate-intelligence/2013/09/10/alcoa-gets-kicked-from-the-dow-what-took-them-so-long/?mod=yahoo_hs
20130910,Tuesday,September,10,2013,AA,"Dow Jones Reshuffles Index to Add Goldman, Kick Out Bank of America",BusinessWeek,http://us.rd.yahoo.com/finance/editorial/xbizwk/SIG=13k4jfk6b/*http://www.businessweek.com/articles/2013-09-10/dow-jones-reshuffles-index-to-add-goldman-kick-out-bank-of-america?campaign_id=yhoo
20130910,Tuesday,September,10,2013,AA,Three not so lucky number with Dow index changes,CNBC,http://us.rd.yahoo.com/finance/external/cnbc/SIG=112o6iovd/*http://www.cnbc.com/id/101022904?__source=yahoo%7Cfinance%7Cheadline%7Cheadline%7Cstory&par=yahoo&doc=101022904%7CThree+not+so+lucky+number
20130910,Tuesday,September,10,2013,AA,[audio] Newscast: New-look Dow coming soon,MarketWatch,http://us.rd.yahoo.com/finance/external/cbsm/SIG=11iiumket/*http://www.marketwatch.com/News/Story/Story.aspx?guid=F1E62DC7-3E6B-4062-AFA6-DD1E0DA0C196&siteid=yhoof2
20130910,Tuesday,September,10,2013,AA,"Intel, GE, Cisco, Pfizer and Microsoft Are About to Be Meaningless in the DJIA",24/7 Wall St.,http://finance.yahoo.com/news/intel-ge-cisco-pfizer-microsoft-162011700.html
20130910,Tuesday,September,10,2013,AA,What you need to know about the Dow changes,CNBC,http://us.rd.yahoo.com/finance/external/cnbc/SIG=112b543m8/*http://www.cnbc.com/id/101023166?__source=yahoo%7Cfinance%7Cheadline%7Cheadline%7Cstory&par=yahoo&doc=101023166%7CWhat+you+need+to+know+abo
20130910,Tuesday,September,10,2013,AA,Alcoa Responds to Dow Change: 'No Impact' on Strategy,The Wall Street Journal,http://us.rd.yahoo.com/finance/external/wsj/SIG=12vqd87vg/*http://blogs.wsj.com/moneybeat/2013/09/10/alcoa-responds-to-dow-change-no-impact-on-strategy/?mod=yahoo_hs
20130910,Tuesday,September,10,2013,AA,"Dow Drops Bank of America, Welcomes Goldman Sachs",Motley Fool,http://us.rd.yahoo.com/finance/external/mfool/SIG=138iskv17/*http://www.fool.com/investing/general/2013/09/10/dow-drops-bank-of-america-welcomes-goldman-sachs.aspx?source=eogyholnk0000001
20130910,Tuesday,September,10,2013,AA,"Major Shakeup Coming to DJIA, Dow ETF",Zacks,http://finance.yahoo.com/news/major-shakeup-coming-djia-dow-160118008.html
20130910,Tuesday,September,10,2013,AA,Dow Today: Alcoa (AA) Lower,TheStreet,http://us.rd.yahoo.com/finance/external/tsmfe/SIG=1293cgcaf/*http://www.thestreet.com/story/12032657/1/dow-today-alcoa-aa-lower.html?puc=yahoo&cm_ven=YAHOO
20130910,Tuesday,September,10,2013,AA,[video] Trading the new Dow,CNBC,http://us.rd.yahoo.com/finance/external/video/cnbc/SIG=110mfa5qs/*http://video.cnbc.com/gallery/?video=3000197976&__source=yahoo%7Cheadline%7Cquote%7Cvideo%7C&par=yahoo
20130910,Tuesday,September,10,2013,AA,Alcoa Issues Statement on Change to Dow Jones Industrial Average,Business Wire,http://finance.yahoo.com/news/alcoa-issues-statement-change-dow-153400712.html
20130910,Tuesday,September,10,2013,AA,'Dogs of the Dow' Loses a Dog,The Wall Street Journal,http://us.rd.yahoo.com/finance/external/wsj/SIG=128bjjbvm/*http://blogs.wsj.com/moneybeat/2013/09/10/dogs-of-the-dow-loses-a-dog/?mod=yahoo_hs
20130910,Tuesday,September,10,2013,AA,[video] Why is Dow changing its components?,CNBC,http://us.rd.yahoo.com/finance/external/video/cnbc/SIG=110mfa5qs/*http://video.cnbc.com/gallery/?video=3000198067&__source=yahoo%7Cheadline%7Cquote%7Cvideo%7C&par=yahoo
20130910,Tuesday,September,10,2013,AA,"[video] Shake-up in Dow Industrials, and More",MarketWatch,http://us.rd.yahoo.com/finance/external/video/cbsm/SIG=11iiumket/*http://www.marketwatch.com/News/Story/Story.aspx?guid=A153ACA9-1AF9-4AE1-8392-8019BCC0CA77&siteid=yhoof2
20130910,Tuesday,September,10,2013,AA,Dow Index Changes Miss the Mark,Barrons.com,http://us.rd.yahoo.com/finance/external/barrons/SIG=12k6i3r8u/*http://online.barrons.com/article/SB50001424052748704293904579066960840424796.html?ru=yahoo&mod=yahoobarrons
20130910,Tuesday,September,10,2013,AA,Big Changes Come to the Dow,Fox Business,http://us.rd.yahoo.com/finance/external/xfoxbusiness/SIG=12b2etlem/*http://www.foxbusiness.com/government/2013/09/10/big-changes-come-to-dow/
20130910,Tuesday,September,10,2013,AA,Dow Shakeup Won't Leave Big Trading Footprint,The Wall Street Journal,http://us.rd.yahoo.com/finance/external/wsj/SIG=12pa0j0kd/*http://blogs.wsj.com/moneybeat/2013/09/10/dow-shakeup-wont-leave-big-trading-footprint/?mod=yahoo_hs
20130910,Tuesday,September,10,2013,AA,[video] Shake-up at the Dow,CNBC,http://us.rd.yahoo.com/finance/external/video/cnbc/SIG=110mfa5qs/*http://video.cnbc.com/gallery/?video=3000198032&__source=yahoo%7Cheadline%7Cquote%7Cvideo%7C&par=yahoo
20130910,Tuesday,September,10,2013,AA,Visa to threaten IBM as most influential Dow stock,MarketWatch,http://us.rd.yahoo.com/finance/external/cbsm/SIG=11iiumket/*http://www.marketwatch.com/News/Story/Story.aspx?guid=31604424-C2D4-D575-4454-C4C422D24D68&siteid=yhoof2
20130910,Tuesday,September,10,2013,AA,Bank of America Gets Booted From the Dow,Motley Fool,http://us.rd.yahoo.com/finance/external/mfool/SIG=130kh7jsn/*http://www.fool.com/investing/general/2013/09/10/bank-of-america-gets-booted-from-the-dow.aspx?source=eogyholnk0000001
20130910,Tuesday,September,10,2013,AA,"Dow average adds Goldman Sachs, Nike and Visa",AP,http://finance.yahoo.com/news/dow-average-adds-goldman-sachs-130629498.html
20130910,Tuesday,September,10,2013,AA,"One-two combo of China, Syria boosts markets",CNBC,"http://us.rd.yahoo.com/finance/external/cnbc/SIG=112t3gocg/*http://www.cnbc.com/id/101022685?__source=yahoo%7Cfinance%7Cheadline%7Cheadline%7Cstory&par=yahoo&doc=101022685%7COne-two+combo+of+China,+S"
20130910,Tuesday,September,10,2013,AA,Getting booted from Dow a blessing,MarketWatch,http://us.rd.yahoo.com/finance/external/cbsm/SIG=11iiumket/*http://www.marketwatch.com/News/Story/Story.aspx?guid=B6E43C42-1A1E-11E3-9F57-002128040CF6&siteid=yhoof2
20130910,Tuesday,September,10,2013,AA,[audio] Newscast: Shakeup for the Dow 30,MarketWatch,http://us.rd.yahoo.com/finance/external/cbsm/SIG=11iiumket/*http://www.marketwatch.com/News/Story/Story.aspx?guid=384BA05A-A0D6-4247-BCBC-00103AD37539&siteid=yhoof2
20130910,Tuesday,September,10,2013,AA,[video] Goldman Sachs Among Three New Dow 30 Members,MarketWatch,http://us.rd.yahoo.com/finance/external/video/cbsm/SIG=11iiumket/*http://www.marketwatch.com/News/Story/Story.aspx?guid=3BF77A94-27C3-4DE4-B9DC-633F57399C7A&siteid=yhoof2
20130910,Tuesday,September,10,2013,AA,The New Dow Stocks in Three Charts,The Wall Street Journal,http://us.rd.yahoo.com/finance/external/wsj/SIG=12f8o6tin/*http://blogs.wsj.com/moneybeat/2013/09/10/the-new-dow-stocks-in-three-charts/?mod=yahoo_hs
20130910,Tuesday,September,10,2013,AA,Trade-Ideas: Alcoa (AA) Is Today's Unusual Social Activity Stock,TheStreet,http://us.rd.yahoo.com/finance/external/tsmfe/SIG=13d0uk5ti/*http://www.thestreet.com/story/12032310/1/trade-ideas-alcoa-aa-is-todays-unusual-social-activity-stock.html?puc=yahoo&cm_ven=YAHOO
20130910,Tuesday,September,10,2013,AA,"Goldman Sachs, Visa & Nike Set to Join the Dow Jones Industrial Average",PR Newswire,http://finance.yahoo.com/news/goldman-sachs-visa-nike-set-132500686.html
20130910,Tuesday,September,10,2013,AA,Big changes on way for Dow industrials,CNBC,http://us.rd.yahoo.com/finance/external/cnbc/SIG=1125629i8/*http://www.cnbc.com/id/101022124?__source=yahoo%7Cfinance%7Cheadline%7Cheadline%7Cstory&par=yahoo&doc=101022124%7CBig+changes+on+way+for+Do
20130910,Tuesday,September,10,2013,AA,"Nike, Goldman, Visa to be added to the Dow",CNNMoney.com,http://us.rd.yahoo.com/finance/external/cnnm/SIG=12c7rhm38/*http://money.cnn.com/2013/09/10/investing/dow-nike-goldman-visa/index.html?source=yahoo_quote
20130910,Tuesday,September,10,2013,AA,Big Shake-Up In The Dow Jones Industrial Average,Forbes,http://us.rd.yahoo.com/finance/external/forbes/SIG=13a6siolf/*http://www.forbes.com/sites/marketnewsvideo/2013/09/10/big-shake-up-in-the-dow-jones-industrial-average/?partner=yahootix
20130910,Tuesday,September,10,2013,AA,Major and Significant DJIA Changes,24/7 Wall St.,http://finance.yahoo.com/news/major-significant-djia-changes-130546692.html
20130910,Tuesday,September,10,2013,AA,Poll: Low-Cost iPhone! Good Idea? Make the Call!,Hot Stock Minute,http://finance.yahoo.com/blogs/hot-stock-minute/poll-low-cost-iphone-good-idea-call-130109893.html
20130910,Tuesday,September,10,2013,AA,"September 10: China Data, Syria Breakthrough to Sustain Momentum",Zacks,http://finance.yahoo.com/news/september-10-china-data-syria-125958552.html
20130910,Tuesday,September,10,2013,AA,"Dow Jones Industrial Average to Add Goldman Sachs, Visa, Nike",Bloomberg,http://us.rd.yahoo.com/finance/external/bloomberg/SIG=13br2fgrm/*http://www.bloomberg.com/news/2013-09-10/dow-jones-industrial-average-to-add-goldman-sachs-visa-nike.html?cmpid=yhoo
20130910,Tuesday,September,10,2013,AA,Futures gain on upbeat China data; Syria worries subside,CNBC,http://us.rd.yahoo.com/finance/external/cnbc/SIG=112jrm2bt/*http://www.cnbc.com/id/101021420?__source=yahoo%7Cfinance%7Cheadline%7Cheadline%7Cstory&par=yahoo&doc=101021420%7CFutures+gain+on+upbeat+Ch
20130910,Tuesday,September,10,2013,AA,"With Alcoa Out, Dow Gets a New Earnings Pacesetter",The Wall Street Journal,http://us.rd.yahoo.com/finance/external/wsj/SIG=12u5go3h0/*http://blogs.wsj.com/moneybeat/2013/09/10/with-alcoa-out-dow-gets-a-new-earnings-pacesetter/?mod=yahoo_hs
20130910,Tuesday,September,10,2013,AA,[video] Changing of the guard at the Dow,CNBC,http://us.rd.yahoo.com/finance/external/video/cnbc/SIG=110mfa5qs/*http://video.cnbc.com/gallery/?video=3000198041&__source=yahoo%7Cheadline%7Cquote%7Cvideo%7C&par=yahoo
